sample_id,season,event,driver,stint,lap,horizon,current_D,generated_target,raw_dataset_target,difference,status
2024_001,2024,Italian Grand Prix,ZHO,2,36,+1,2.4026,2.4026,2.4026,0.0,PASS
2024_001,2024,Italian Grand Prix,ZHO,2,36,+3,2.4026,2.5793,2.5793,0.0,PASS
2024_001,2024,Italian Grand Prix,ZHO,2,36,+5,2.4026,2.5793,2.5793,0.0,PASS
2024_001,2024,Italian Grand Prix,ZHO,2,36,+10,2.4026,3.8288,3.8288,0.0,PASS
2024_002,2024,Bahrain Grand Prix,HAM,3,34,+1,0.0,0.0,0.0,0.0,PASS
2024_002,2024,Bahrain Grand Prix,HAM,3,34,+3,0.0,0.0252,0.0252,0.0,PASS
2024_002,2024,Bahrain Grand Prix,HAM,3,34,+5,0.0,0.0252,0.0252,0.0,PASS
2024_002,2024,Bahrain Grand Prix,HAM,3,34,+10,0.0,0.0252,0.0252,0.0,PASS
2024_003,2024,Azerbaijan Grand Prix,STR,2,18,+1,1.101,1.101,1.101,0.0,PASS
2024_003,2024,Azerbaijan Grand Prix,STR,2,18,+3,1.101,1.101,1.101,0.0,PASS
2024_003,2024,Azerbaijan Grand Prix,STR,2,18,+5,1.101,NaN,NaN,0.0,PASS
2024_003,2024,Azerbaijan Grand Prix,STR,2,18,+10,1.101,NaN,NaN,0.0,PASS
2024_004,2024,Azerbaijan Grand Prix,LEC,2,49,+1,2.4584,NaN,NaN,0.0,PASS
2024_004,2024,Azerbaijan Grand Prix,LEC,2,49,+3,2.4584,NaN,NaN,0.0,PASS
2024_004,2024,Azerbaijan Grand Prix,LEC,2,49,+5,2.4584,NaN,NaN,0.0,PASS
2024_004,2024,Azerbaijan Grand Prix,LEC,2,49,+10,2.4584,NaN,NaN,0.0,PASS
2024_005,2024,Belgian Grand Prix,GAS,2,23,+1,0.8983,0.8983,0.8983,0.0,PASS
2024_005,2024,Belgian Grand Prix,GAS,2,23,+3,0.8983,0.8983,0.8983,0.0,PASS
2024_005,2024,Belgian Grand Prix,GAS,2,23,+5,0.8983,4.9505,4.9505,0.0,PASS
2024_005,2024,Belgian Grand Prix,GAS,2,23,+10,0.8983,NaN,NaN,0.0,PASS
2024_006,2024,Qatar Grand Prix,RUS,5,55,+1,0.0,0.0,0.0,0.0,PASS
2024_006,2024,Qatar Grand Prix,RUS,5,55,+3,0.0,NaN,NaN,0.0,PASS
2024_006,2024,Qatar Grand Prix,RUS,5,55,+5,0.0,NaN,NaN,0.0,PASS
2024_006,2024,Qatar Grand Prix,RUS,5,55,+10,0.0,NaN,NaN,0.0,PASS
2024_007,2024,Singapore Grand Prix,PER,1,11,+1,0.0,0.0,0.0,0.0,PASS
2024_007,2024,Singapore Grand Prix,PER,1,11,+3,0.0,0.574,0.574,0.0,PASS
2024_007,2024,Singapore Grand Prix,PER,1,11,+5,0.0,0.574,0.574,0.0,PASS
2024_007,2024,Singapore Grand Prix,PER,1,11,+10,0.0,0.7963,0.7963,0.0,PASS
2024_008,2024,Japanese Grand Prix,SAI,3,32,+1,1.4175,1.44,1.44,0.0,PASS
2024_008,2024,Japanese Grand Prix,SAI,3,32,+3,1.4175,1.44,1.44,0.0,PASS
2024_008,2024,Japanese Grand Prix,SAI,3,32,+5,1.4175,NaN,NaN,0.0,PASS
2024_008,2024,Japanese Grand Prix,SAI,3,32,+10,1.4175,NaN,NaN,0.0,PASS
2024_009,2024,Dutch Grand Prix,ZHO,2,20,+1,0.0,0.0,0.0,0.0,PASS
2024_009,2024,Dutch Grand Prix,ZHO,2,20,+3,0.0,0.3226,0.3226,0.0,PASS
2024_009,2024,Dutch Grand Prix,ZHO,2,20,+5,0.0,0.3226,0.3226,0.0,PASS
2024_009,2024,Dutch Grand Prix,ZHO,2,20,+10,0.0,1.4102,1.4102,0.0,PASS
2024_010,2024,United States Grand Prix,GAS,2,28,+1,1.2926,1.2926,1.2926,0.0,PASS
2024_010,2024,United States Grand Prix,GAS,2,28,+3,1.2926,1.2926,1.2926,0.0,PASS
2024_010,2024,United States Grand Prix,GAS,2,28,+5,1.2926,1.2926,1.2926,0.0,PASS
2024_010,2024,United States Grand Prix,GAS,2,28,+10,1.2926,1.2926,1.2926,0.0,PASS
2024_011,2024,Australian Grand Prix,RUS,1,8,+1,13.8169,NaN,NaN,0.0,PASS
2024_011,2024,Australian Grand Prix,RUS,1,8,+3,13.8169,NaN,NaN,0.0,PASS
2024_011,2024,Australian Grand Prix,RUS,1,8,+5,13.8169,NaN,NaN,0.0,PASS
2024_011,2024,Australian Grand Prix,RUS,1,8,+10,13.8169,NaN,NaN,0.0,PASS
2024_012,2024,Italian Grand Prix,MAG,2,47,+1,1.8476,1.8476,1.8476,0.0,PASS
2024_012,2024,Italian Grand Prix,MAG,2,47,+3,1.8476,1.8476,1.8476,0.0,PASS
2024_012,2024,Italian Grand Prix,MAG,2,47,+5,1.8476,1.8476,1.8476,0.0,PASS
2024_012,2024,Italian Grand Prix,MAG,2,47,+10,1.8476,NaN,NaN,0.0,PASS
2024_013,2024,Chinese Grand Prix,TSU,1,4,+1,0.0,0.2451,0.2451,0.0,PASS
2024_013,2024,Chinese Grand Prix,TSU,1,4,+3,0.0,0.6629,0.6629,0.0,PASS
2024_013,2024,Chinese Grand Prix,TSU,1,4,+5,0.0,NaN,NaN,0.0,PASS
2024_013,2024,Chinese Grand Prix,TSU,1,4,+10,0.0,NaN,NaN,0.0,PASS
2024_014,2024,Dutch Grand Prix,RUS,3,61,+1,0.155,0.6342,0.6342,0.0,PASS
2024_014,2024,Dutch Grand Prix,RUS,3,61,+3,0.155,1.3963,1.3963,0.0,PASS
2024_014,2024,Dutch Grand Prix,RUS,3,61,+5,0.155,1.3963,1.3963,0.0,PASS
2024_014,2024,Dutch Grand Prix,RUS,3,61,+10,0.155,1.3963,1.3963,0.0,PASS
2024_015,2024,Spanish Grand Prix,GAS,2,23,+1,0.5815,0.5815,0.5815,0.0,PASS
2024_015,2024,Spanish Grand Prix,GAS,2,23,+3,0.5815,0.7505,0.7505,0.0,PASS
2024_015,2024,Spanish Grand Prix,GAS,2,23,+5,0.5815,1.8365,1.8365,0.0,PASS
2024_015,2024,Spanish Grand Prix,GAS,2,23,+10,0.5815,1.8365,1.8365,0.0,PASS
2024_016,2024,Japanese Grand Prix,RUS,3,29,+1,2.3229,2.3229,2.3229,0.0,PASS
2024_016,2024,Japanese Grand Prix,RUS,3,29,+3,2.3229,2.3229,2.3229,0.0,PASS
2024_016,2024,Japanese Grand Prix,RUS,3,29,+5,2.3229,2.3229,2.3229,0.0,PASS
2024_016,2024,Japanese Grand Prix,RUS,3,29,+10,2.3229,NaN,NaN,0.0,PASS
2024_017,2024,Italian Grand Prix,LEC,1,10,+1,0.0,0.1236,0.1236,0.0,PASS
2024_017,2024,Italian Grand Prix,LEC,1,10,+3,0.0,0.9374,0.9374,0.0,PASS
2024_017,2024,Italian Grand Prix,LEC,1,10,+5,0.0,5.7312,5.7312,0.0,PASS
2024_017,2024,Italian Grand Prix,LEC,1,10,+10,0.0,NaN,NaN,0.0,PASS
2024_018,2024,Canadian Grand Prix,ZHO,4,58,+1,0.0,0.0,0.0,0.0,PASS
2024_018,2024,Canadian Grand Prix,ZHO,4,58,+3,0.0,0.0,0.0,0.0,PASS
2024_018,2024,Canadian Grand Prix,ZHO,4,58,+5,0.0,0.0,0.0,0.0,PASS
2024_018,2024,Canadian Grand Prix,ZHO,4,58,+10,0.0,0.0,0.0,0.0,PASS
2024_019,2024,Bahrain Grand Prix,NOR,2,17,+1,0.0,0.0,0.0,0.0,PASS
2024_019,2024,Bahrain Grand Prix,NOR,2,17,+3,0.0,0.0,0.0,0.0,PASS
2024_019,2024,Bahrain Grand Prix,NOR,2,17,+5,0.0,0.1141,0.1141,0.0,PASS
2024_019,2024,Bahrain Grand Prix,NOR,2,17,+10,0.0,0.4761,0.4761,0.0,PASS
2024_020,2024,Italian Grand Prix,MAG,2,15,+1,0.0,0.0,0.0,0.0,PASS
2024_020,2024,Italian Grand Prix,MAG,2,15,+3,0.0,1.4758,1.4758,0.0,PASS
2024_020,2024,Italian Grand Prix,MAG,2,15,+5,0.0,1.4758,1.4758,0.0,PASS
2024_020,2024,Italian Grand Prix,MAG,2,15,+10,0.0,1.4758,1.4758,0.0,PASS
2024_021,2024,Japanese Grand Prix,RUS,4,50,+1,2.4102,2.4102,2.4102,0.0,PASS
2024_021,2024,Japanese Grand Prix,RUS,4,50,+3,2.4102,2.4102,2.4102,0.0,PASS
2024_021,2024,Japanese Grand Prix,RUS,4,50,+5,2.4102,NaN,NaN,0.0,PASS
2024_021,2024,Japanese Grand Prix,RUS,4,50,+10,2.4102,NaN,NaN,0.0,PASS
2024_022,2024,Italian Grand Prix,VER,1,6,+1,0.0,0.0,0.0,0.0,PASS
2024_022,2024,Italian Grand Prix,VER,1,6,+3,0.0,0.0,0.0,0.0,PASS
2024_022,2024,Italian Grand Prix,VER,1,6,+5,0.0,0.0,0.0,0.0,PASS
2024_022,2024,Italian Grand Prix,VER,1,6,+10,0.0,0.4786,0.4786,0.0,PASS
2024_023,2024,Emilia Romagna Grand Prix,PER,1,12,+1,0.6754,0.6754,0.6754,0.0,PASS
2024_023,2024,Emilia Romagna Grand Prix,PER,1,12,+3,0.6754,0.6754,0.6754,0.0,PASS
2024_023,2024,Emilia Romagna Grand Prix,PER,1,12,+5,0.6754,5.3034,5.3034,0.0,PASS
2024_023,2024,Emilia Romagna Grand Prix,PER,1,12,+10,0.6754,5.3034,5.3034,0.0,PASS
2024_024,2024,Monaco Grand Prix,ALO,2,38,+1,0.0,0.0,0.0,0.0,PASS
2024_024,2024,Monaco Grand Prix,ALO,2,38,+3,0.0,1.1002,1.1002,0.0,PASS
2024_024,2024,Monaco Grand Prix,ALO,2,38,+5,0.0,1.1002,1.1002,0.0,PASS
2024_024,2024,Monaco Grand Prix,ALO,2,38,+10,0.0,1.1002,1.1002,0.0,PASS
2024_025,2024,Australian Grand Prix,RIC,3,41,+1,2.2826,2.2826,2.2826,0.0,PASS
2024_025,2024,Australian Grand Prix,RIC,3,41,+3,2.2826,2.2826,2.2826,0.0,PASS
2024_025,2024,Australian Grand Prix,RIC,3,41,+5,2.2826,2.2826,2.2826,0.0,PASS
2024_025,2024,Australian Grand Prix,RIC,3,41,+10,2.2826,2.2826,2.2826,0.0,PASS
2024_026,2024,Belgian Grand Prix,STR,2,39,+1,2.1659,2.1659,2.1659,0.0,PASS
2024_026,2024,Belgian Grand Prix,STR,2,39,+3,2.1659,2.1659,2.1659,0.0,PASS
2024_026,2024,Belgian Grand Prix,STR,2,39,+5,2.1659,2.1659,2.1659,0.0,PASS
2024_026,2024,Belgian Grand Prix,STR,2,39,+10,2.1659,NaN,NaN,0.0,PASS
2024_027,2024,Hungarian Grand Prix,ALB,2,14,+1,0.6509,0.6509,0.6509,0.0,PASS
2024_027,2024,Hungarian Grand Prix,ALB,2,14,+3,0.6509,1.4119,1.4119,0.0,PASS
2024_027,2024,Hungarian Grand Prix,ALB,2,14,+5,0.6509,2.3544,2.3544,0.0,PASS
2024_027,2024,Hungarian Grand Prix,ALB,2,14,+10,0.6509,2.3544,2.3544,0.0,PASS
2024_028,2024,Singapore Grand Prix,HUL,2,36,+1,0.0,0.0308,0.0308,0.0,PASS
2024_028,2024,Singapore Grand Prix,HUL,2,36,+3,0.0,0.0308,0.0308,0.0,PASS
2024_028,2024,Singapore Grand Prix,HUL,2,36,+5,0.0,0.0308,0.0308,0.0,PASS
2024_028,2024,Singapore Grand Prix,HUL,2,36,+10,0.0,0.0308,0.0308,0.0,PASS
2024_029,2024,Hungarian Grand Prix,VER,3,54,+1,1.1625,1.907,1.907,0.0,PASS
2024_029,2024,Hungarian Grand Prix,VER,3,54,+3,1.1625,1.907,1.907,0.0,PASS
2024_029,2024,Hungarian Grand Prix,VER,3,54,+5,1.1625,1.907,1.907,0.0,PASS
2024_029,2024,Hungarian Grand Prix,VER,3,54,+10,1.1625,3.1295,3.1295,0.0,PASS
2024_030,2024,Spanish Grand Prix,HAM,3,58,+1,1.1094,1.1139,1.1139,0.0,PASS
2024_030,2024,Spanish Grand Prix,HAM,3,58,+3,1.1094,1.4179,1.4179,0.0,PASS
2024_030,2024,Spanish Grand Prix,HAM,3,58,+5,1.1094,1.9684,1.9684,0.0,PASS
2024_030,2024,Spanish Grand Prix,HAM,3,58,+10,1.1094,NaN,NaN,0.0,PASS
2024_031,2024,Monaco Grand Prix,STR,2,22,+1,0.0514,0.0514,0.0514,0.0,PASS
2024_031,2024,Monaco Grand Prix,STR,2,22,+3,0.0514,0.0514,0.0514,0.0,PASS
2024_031,2024,Monaco Grand Prix,STR,2,22,+5,0.0514,0.0514,0.0514,0.0,PASS
2024_031,2024,Monaco Grand Prix,STR,2,22,+10,0.0514,0.0514,0.0514,0.0,PASS
2024_032,2024,Hungarian Grand Prix,HUL,3,67,+1,6.4849,6.4849,6.4849,0.0,PASS
2024_032,2024,Hungarian Grand Prix,HUL,3,67,+3,6.4849,NaN,NaN,0.0,PASS
2024_032,2024,Hungarian Grand Prix,HUL,3,67,+5,6.4849,NaN,NaN,0.0,PASS
2024_032,2024,Hungarian Grand Prix,HUL,3,67,+10,6.4849,NaN,NaN,0.0,PASS
2024_033,2024,Hungarian Grand Prix,NOR,1,10,+1,0.808,0.808,0.808,0.0,PASS
2024_033,2024,Hungarian Grand Prix,NOR,1,10,+3,0.808,0.808,0.808,0.0,PASS
2024_033,2024,Hungarian Grand Prix,NOR,1,10,+5,0.808,0.8815,0.8815,0.0,PASS
2024_033,2024,Hungarian Grand Prix,NOR,1,10,+10,0.808,NaN,NaN,0.0,PASS
2024_034,2024,British Grand Prix,BOT,1,2,+1,0.0,0.0,0.0,0.0,PASS
2024_034,2024,British Grand Prix,BOT,1,2,+3,0.0,0.0,0.0,0.0,PASS
2024_034,2024,British Grand Prix,BOT,1,2,+5,0.0,0.0,0.0,0.0,PASS
2024_034,2024,British Grand Prix,BOT,1,2,+10,0.0,0.0,0.0,0.0,PASS
2024_035,2024,Dutch Grand Prix,VER,2,46,+1,0.9011,1.0325,1.0325,0.0,PASS
2024_035,2024,Dutch Grand Prix,VER,2,46,+3,0.9011,1.0325,1.0325,0.0,PASS
2024_035,2024,Dutch Grand Prix,VER,2,46,+5,0.9011,1.044,1.044,0.0,PASS
2024_035,2024,Dutch Grand Prix,VER,2,46,+10,0.9011,1.2106,1.2106,0.0,PASS
2024_036,2024,Japanese Grand Prix,MAG,2,22,+1,3.5134,NaN,NaN,0.0,PASS
2024_036,2024,Japanese Grand Prix,MAG,2,22,+3,3.5134,NaN,NaN,0.0,PASS
2024_036,2024,Japanese Grand Prix,MAG,2,22,+5,3.5134,NaN,NaN,0.0,PASS
2024_036,2024,Japanese Grand Prix,MAG,2,22,+10,3.5134,NaN,NaN,0.0,PASS
2024_037,2024,Hungarian Grand Prix,HAM,2,22,+1,0.0144,0.2654,0.2654,0.0,PASS
2024_037,2024,Hungarian Grand Prix,HAM,2,22,+3,0.0144,0.3909,0.3909,0.0,PASS
2024_037,2024,Hungarian Grand Prix,HAM,2,22,+5,0.0144,0.3909,0.3909,0.0,PASS
2024_037,2024,Hungarian Grand Prix,HAM,2,22,+10,0.0144,0.6244,0.6244,0.0,PASS
2024_038,2024,Belgian Grand Prix,MAG,2,34,+1,1.1788,1.1788,1.1788,0.0,PASS
2024_038,2024,Belgian Grand Prix,MAG,2,34,+3,1.1788,1.1788,1.1788,0.0,PASS
2024_038,2024,Belgian Grand Prix,MAG,2,34,+5,1.1788,1.1788,1.1788,0.0,PASS
2024_038,2024,Belgian Grand Prix,MAG,2,34,+10,1.1788,1.729,1.729,0.0,PASS
2024_039,2024,Spanish Grand Prix,PIA,2,45,+1,1.619,5.0885,5.0885,0.0,PASS
2024_039,2024,Spanish Grand Prix,PIA,2,45,+3,1.619,NaN,NaN,0.0,PASS
2024_039,2024,Spanish Grand Prix,PIA,2,45,+5,1.619,NaN,NaN,0.0,PASS
2024_039,2024,Spanish Grand Prix,PIA,2,45,+10,1.619,NaN,NaN,0.0,PASS
2024_040,2024,Hungarian Grand Prix,BOT,3,68,+1,3.6419,5.2944,5.2944,0.0,PASS
2024_040,2024,Hungarian Grand Prix,BOT,3,68,+3,3.6419,NaN,NaN,0.0,PASS
2024_040,2024,Hungarian Grand Prix,BOT,3,68,+5,3.6419,NaN,NaN,0.0,PASS
2024_040,2024,Hungarian Grand Prix,BOT,3,68,+10,3.6419,NaN,NaN,0.0,PASS
2024_041,2024,Qatar Grand Prix,RUS,5,48,+1,0.0,0.0,0.0,0.0,PASS
2024_041,2024,Qatar Grand Prix,RUS,5,48,+3,0.0,0.0,0.0,0.0,PASS
2024_041,2024,Qatar Grand Prix,RUS,5,48,+5,0.0,0.0,0.0,0.0,PASS
2024_041,2024,Qatar Grand Prix,RUS,5,48,+10,0.0,NaN,NaN,0.0,PASS
2024_042,2024,Qatar Grand Prix,ALB,1,12,+1,0.5972,0.5972,0.5972,0.0,PASS
2024_042,2024,Qatar Grand Prix,ALB,1,12,+3,0.5972,0.5972,0.5972,0.0,PASS
2024_042,2024,Qatar Grand Prix,ALB,1,12,+5,0.5972,0.5972,0.5972,0.0,PASS
2024_042,2024,Qatar Grand Prix,ALB,1,12,+10,0.5972,0.5972,0.5972,0.0,PASS
2024_043,2024,United States Grand Prix,GAS,1,12,+1,0.0696,0.0696,0.0696,0.0,PASS
2024_043,2024,United States Grand Prix,GAS,1,12,+3,0.0696,0.5251,0.5251,0.0,PASS
2024_043,2024,United States Grand Prix,GAS,1,12,+5,0.0696,1.2919,1.2919,0.0,PASS
2024_043,2024,United States Grand Prix,GAS,1,12,+10,0.0696,NaN,NaN,0.0,PASS
2024_044,2024,Spanish Grand Prix,MAG,1,3,+1,0.0,0.0,0.0,0.0,PASS
2024_044,2024,Spanish Grand Prix,MAG,1,3,+3,0.0,0.6454,0.6454,0.0,PASS
2024_044,2024,Spanish Grand Prix,MAG,1,3,+5,0.0,0.6454,0.6454,0.0,PASS
2024_044,2024,Spanish Grand Prix,MAG,1,3,+10,0.0,NaN,NaN,0.0,PASS
2024_045,2024,Azerbaijan Grand Prix,PER,2,17,+1,1.4117,2.075,2.075,0.0,PASS
2024_045,2024,Azerbaijan Grand Prix,PER,2,17,+3,1.4117,2.075,2.075,0.0,PASS
2024_045,2024,Azerbaijan Grand Prix,PER,2,17,+5,1.4117,2.075,2.075,0.0,PASS
2024_045,2024,Azerbaijan Grand Prix,PER,2,17,+10,1.4117,2.075,2.075,0.0,PASS
2024_046,2024,Singapore Grand Prix,STR,2,61,+1,2.6479,NaN,NaN,0.0,PASS
2024_046,2024,Singapore Grand Prix,STR,2,61,+3,2.6479,NaN,NaN,0.0,PASS
2024_046,2024,Singapore Grand Prix,STR,2,61,+5,2.6479,NaN,NaN,0.0,PASS
2024_046,2024,Singapore Grand Prix,STR,2,61,+10,2.6479,NaN,NaN,0.0,PASS
2024_047,2024,Austrian Grand Prix,LEC,2,15,+1,2.4604,5.11,5.11,0.0,PASS
2024_047,2024,Austrian Grand Prix,LEC,2,15,+3,2.4604,NaN,NaN,0.0,PASS
2024_047,2024,Austrian Grand Prix,LEC,2,15,+5,2.4604,NaN,NaN,0.0,PASS
2024_047,2024,Austrian Grand Prix,LEC,2,15,+10,2.4604,NaN,NaN,0.0,PASS
2024_048,2024,Singapore Grand Prix,RIC,3,47,+1,0.0,0.0,0.0,0.0,PASS
2024_048,2024,Singapore Grand Prix,RIC,3,47,+3,0.0,0.0573,0.0573,0.0,PASS
2024_048,2024,Singapore Grand Prix,RIC,3,47,+5,0.0,0.1619,0.1619,0.0,PASS
2024_048,2024,Singapore Grand Prix,RIC,3,47,+10,0.0,3.3757,3.3757,0.0,PASS
2024_049,2024,Dutch Grand Prix,HAM,2,42,+1,0.4025,0.4025,0.4025,0.0,PASS
2024_049,2024,Dutch Grand Prix,HAM,2,42,+3,0.4025,0.9059,0.9059,0.0,PASS
2024_049,2024,Dutch Grand Prix,HAM,2,42,+5,0.4025,0.9059,0.9059,0.0,PASS
2024_049,2024,Dutch Grand Prix,HAM,2,42,+10,0.4025,NaN,NaN,0.0,PASS
2024_050,2024,Dutch Grand Prix,PIA,1,22,+1,1.1995,1.1995,1.1995,0.0,PASS
2024_050,2024,Dutch Grand Prix,PIA,1,22,+3,1.1995,1.2467,1.2467,0.0,PASS
2024_050,2024,Dutch Grand Prix,PIA,1,22,+5,1.1995,1.2467,1.2467,0.0,PASS
2024_050,2024,Dutch Grand Prix,PIA,1,22,+10,1.1995,1.3676,1.3676,0.0,PASS
2024_051,2024,Spanish Grand Prix,PIA,1,19,+1,1.7289,1.7289,1.7289,0.0,PASS
2024_051,2024,Spanish Grand Prix,PIA,1,19,+3,1.7289,NaN,NaN,0.0,PASS
2024_051,2024,Spanish Grand Prix,PIA,1,19,+5,1.7289,NaN,NaN,0.0,PASS
2024_051,2024,Spanish Grand Prix,PIA,1,19,+10,1.7289,NaN,NaN,0.0,PASS
2024_052,2024,Saudi Arabian Grand Prix,ALO,1,2,+1,0.0,0.0,0.0,0.0,PASS
2024_052,2024,Saudi Arabian Grand Prix,ALO,1,2,+3,0.0,0.0063,0.0063,0.0,PASS
2024_052,2024,Saudi Arabian Grand Prix,ALO,1,2,+5,0.0,NaN,NaN,0.0,PASS
2024_052,2024,Saudi Arabian Grand Prix,ALO,1,2,+10,0.0,NaN,NaN,0.0,PASS
2024_053,2024,Las Vegas Grand Prix,TSU,2,20,+1,2.4546,2.4546,2.4546,0.0,PASS
2024_053,2024,Las Vegas Grand Prix,TSU,2,20,+3,2.4546,2.4546,2.4546,0.0,PASS
2024_053,2024,Las Vegas Grand Prix,TSU,2,20,+5,2.4546,2.4546,2.4546,0.0,PASS
2024_053,2024,Las Vegas Grand Prix,TSU,2,20,+10,2.4546,NaN,NaN,0.0,PASS
2024_054,2024,Chinese Grand Prix,TSU,2,11,+1,0.0,0.4029,0.4029,0.0,PASS
2024_054,2024,Chinese Grand Prix,TSU,2,11,+3,0.0,1.6918,1.6918,0.0,PASS
2024_054,2024,Chinese Grand Prix,TSU,2,11,+5,0.0,1.6918,1.6918,0.0,PASS
2024_054,2024,Chinese Grand Prix,TSU,2,11,+10,0.0,NaN,NaN,0.0,PASS
2024_055,2024,Monaco Grand Prix,PIA,2,35,+1,0.0,0.0,0.0,0.0,PASS
2024_055,2024,Monaco Grand Prix,PIA,2,35,+3,0.0,0.0,0.0,0.0,PASS
2024_055,2024,Monaco Grand Prix,PIA,2,35,+5,0.0,0.0,0.0,0.0,PASS
2024_055,2024,Monaco Grand Prix,PIA,2,35,+10,0.0,0.0,0.0,0.0,PASS
2024_056,2024,Italian Grand Prix,COL,1,12,+1,0.7801,0.7801,0.7801,0.0,PASS
2024_056,2024,Italian Grand Prix,COL,1,12,+3,0.7801,0.9638,0.9638,0.0,PASS
2024_056,2024,Italian Grand Prix,COL,1,12,+5,0.7801,NaN,NaN,0.0,PASS
2024_056,2024,Italian Grand Prix,COL,1,12,+10,0.7801,NaN,NaN,0.0,PASS
2024_057,2024,Hungarian Grand Prix,PER,1,9,+1,0.1554,0.1554,0.1554,0.0,PASS
2024_057,2024,Hungarian Grand Prix,PER,1,9,+3,0.1554,0.1554,0.1554,0.0,PASS
2024_057,2024,Hungarian Grand Prix,PER,1,9,+5,0.1554,0.1554,0.1554,0.0,PASS
2024_057,2024,Hungarian Grand Prix,PER,1,9,+10,0.1554,0.1554,0.1554,0.0,PASS
2024_058,2024,Italian Grand Prix,HUL,2,29,+1,1.2383,1.3617,1.3617,0.0,PASS
2024_058,2024,Italian Grand Prix,HUL,2,29,+3,1.2383,5.7675,5.7675,0.0,PASS
2024_058,2024,Italian Grand Prix,HUL,2,29,+5,1.2383,NaN,NaN,0.0,PASS
2024_058,2024,Italian Grand Prix,HUL,2,29,+10,1.2383,NaN,NaN,0.0,PASS
2024_059,2024,Austrian Grand Prix,SAR,3,26,+1,2.2562,2.2562,2.2562,0.0,PASS
2024_059,2024,Austrian Grand Prix,SAR,3,26,+3,2.2562,2.2562,2.2562,0.0,PASS
2024_059,2024,Austrian Grand Prix,SAR,3,26,+5,2.2562,2.2562,2.2562,0.0,PASS
2024_059,2024,Austrian Grand Prix,SAR,3,26,+10,2.2562,2.6882,2.6882,0.0,PASS
2024_060,2024,United States Grand Prix,ALB,2,26,+1,0.9567,2.2056,2.2056,0.0,PASS
2024_060,2024,United States Grand Prix,ALB,2,26,+3,0.9567,2.2056,2.2056,0.0,PASS
2024_060,2024,United States Grand Prix,ALB,2,26,+5,0.9567,2.2056,2.2056,0.0,PASS
2024_060,2024,United States Grand Prix,ALB,2,26,+10,0.9567,NaN,NaN,0.0,PASS
2024_061,2024,Singapore Grand Prix,RIC,2,29,+1,2.1643,2.1643,2.1643,0.0,PASS
2024_061,2024,Singapore Grand Prix,RIC,2,29,+3,2.1643,3.2629,3.2629,0.0,PASS
2024_061,2024,Singapore Grand Prix,RIC,2,29,+5,2.1643,3.2629,3.2629,0.0,PASS
2024_061,2024,Singapore Grand Prix,RIC,2,29,+10,2.1643,3.2629,3.2629,0.0,PASS
2024_062,2024,Spanish Grand Prix,VER,3,48,+1,0.2354,0.2354,0.2354,0.0,PASS
2024_062,2024,Spanish Grand Prix,VER,3,48,+3,0.2354,0.2354,0.2354,0.0,PASS
2024_062,2024,Spanish Grand Prix,VER,3,48,+5,0.2354,0.2354,0.2354,0.0,PASS
2024_062,2024,Spanish Grand Prix,VER,3,48,+10,0.2354,0.5934,0.5934,0.0,PASS
2024_063,2024,Hungarian Grand Prix,ALO,2,18,+1,0.694,0.694,0.694,0.0,PASS
2024_063,2024,Hungarian Grand Prix,ALO,2,18,+3,0.694,0.694,0.694,0.0,PASS
2024_063,2024,Hungarian Grand Prix,ALO,2,18,+5,0.694,1.253,1.253,0.0,PASS
2024_063,2024,Hungarian Grand Prix,ALO,2,18,+10,0.694,1.8445,1.8445,0.0,PASS
2024_064,2024,Chinese Grand Prix,HAM,3,34,+1,0.0,0.0,0.0,0.0,PASS
2024_064,2024,Chinese Grand Prix,HAM,3,34,+3,0.0,0.264,0.264,0.0,PASS
2024_064,2024,Chinese Grand Prix,HAM,3,34,+5,0.0,0.2736,0.2736,0.0,PASS
2024_064,2024,Chinese Grand Prix,HAM,3,34,+10,0.0,0.7225,0.7225,0.0,PASS
2024_065,2024,British Grand Prix,SAI,1,13,+1,0.4965,0.4965,0.4965,0.0,PASS
2024_065,2024,British Grand Prix,SAI,1,13,+3,0.4965,0.8493,0.8493,0.0,PASS
2024_065,2024,British Grand Prix,SAI,1,13,+5,0.4965,2.8375,2.8375,0.0,PASS
2024_065,2024,British Grand Prix,SAI,1,13,+10,0.4965,9.1042,9.1042,0.0,PASS
2024_066,2024,Japanese Grand Prix,BOT,3,17,+1,3.8929,3.8929,3.8929,0.0,PASS
2024_066,2024,Japanese Grand Prix,BOT,3,17,+3,3.8929,3.8929,3.8929,0.0,PASS
2024_066,2024,Japanese Grand Prix,BOT,3,17,+5,3.8929,6.1667,6.1667,0.0,PASS
2024_066,2024,Japanese Grand Prix,BOT,3,17,+10,3.8929,NaN,NaN,0.0,PASS
2024_067,2024,Miami Grand Prix,RUS,1,12,+1,0.8263,0.8263,0.8263,0.0,PASS
2024_067,2024,Miami Grand Prix,RUS,1,12,+3,0.8263,0.8263,0.8263,0.0,PASS
2024_067,2024,Miami Grand Prix,RUS,1,12,+5,0.8263,0.8263,0.8263,0.0,PASS
2024_067,2024,Miami Grand Prix,RUS,1,12,+10,0.8263,4.8816,4.8816,0.0,PASS
2024_068,2024,Dutch Grand Prix,ZHO,1,7,+1,0.0,0.2785,0.2785,0.0,PASS
2024_068,2024,Dutch Grand Prix,ZHO,1,7,+3,0.0,0.2785,0.2785,0.0,PASS
2024_068,2024,Dutch Grand Prix,ZHO,1,7,+5,0.0,0.2785,0.2785,0.0,PASS
2024_068,2024,Dutch Grand Prix,ZHO,1,7,+10,0.0,0.4593,0.4593,0.0,PASS
2024_069,2024,Monaco Grand Prix,STR,2,11,+1,0.0514,0.0514,0.0514,0.0,PASS
2024_069,2024,Monaco Grand Prix,STR,2,11,+3,0.0514,0.0514,0.0514,0.0,PASS
2024_069,2024,Monaco Grand Prix,STR,2,11,+5,0.0514,0.0514,0.0514,0.0,PASS
2024_069,2024,Monaco Grand Prix,STR,2,11,+10,0.0514,0.0514,0.0514,0.0,PASS
2024_070,2024,Monaco Grand Prix,SAR,2,10,+1,0.0,0.0,0.0,0.0,PASS
2024_070,2024,Monaco Grand Prix,SAR,2,10,+3,0.0,0.0,0.0,0.0,PASS
2024_070,2024,Monaco Grand Prix,SAR,2,10,+5,0.0,0.0,0.0,0.0,PASS
2024_070,2024,Monaco Grand Prix,SAR,2,10,+10,0.0,0.0,0.0,0.0,PASS
2024_071,2024,Canadian Grand Prix,VER,3,47,+1,0.0,0.0,0.0,0.0,PASS
2024_071,2024,Canadian Grand Prix,VER,3,47,+3,0.0,0.0,0.0,0.0,PASS
2024_071,2024,Canadian Grand Prix,VER,3,47,+5,0.0,0.0,0.0,0.0,PASS
2024_071,2024,Canadian Grand Prix,VER,3,47,+10,0.0,0.0,0.0,0.0,PASS
2024_072,2024,Spanish Grand Prix,PIA,3,59,+1,0.3969,0.3969,0.3969,0.0,PASS
2024_072,2024,Spanish Grand Prix,PIA,3,59,+3,0.3969,0.3969,0.3969,0.0,PASS
2024_072,2024,Spanish Grand Prix,PIA,3,59,+5,0.3969,1.0689,1.0689,0.0,PASS
2024_072,2024,Spanish Grand Prix,PIA,3,59,+10,0.3969,NaN,NaN,0.0,PASS
2024_073,2024,Azerbaijan Grand Prix,OCO,1,37,+1,1.5197,1.5197,1.5197,0.0,PASS
2024_073,2024,Azerbaijan Grand Prix,OCO,1,37,+3,1.5197,1.5197,1.5197,0.0,PASS
2024_073,2024,Azerbaijan Grand Prix,OCO,1,37,+5,1.5197,1.5197,1.5197,0.0,PASS
2024_073,2024,Azerbaijan Grand Prix,OCO,1,37,+10,1.5197,1.5197,1.5197,0.0,PASS
2024_074,2024,Mexico City Grand Prix,STR,1,10,+1,0.0756,0.0756,0.0756,0.0,PASS
2024_074,2024,Mexico City Grand Prix,STR,1,10,+3,0.0756,1.0922,1.0922,0.0,PASS
2024_074,2024,Mexico City Grand Prix,STR,1,10,+5,0.0756,1.0922,1.0922,0.0,PASS
2024_074,2024,Mexico City Grand Prix,STR,1,10,+10,0.0756,2.6598,2.6598,0.0,PASS
2024_075,2024,Spanish Grand Prix,PIA,2,23,+1,0.0,0.0,0.0,0.0,PASS
2024_075,2024,Spanish Grand Prix,PIA,2,23,+3,0.0,0.0,0.0,0.0,PASS
2024_075,2024,Spanish Grand Prix,PIA,2,23,+5,0.0,0.6855,0.6855,0.0,PASS
2024_075,2024,Spanish Grand Prix,PIA,2,23,+10,0.0,0.865,0.865,0.0,PASS
2024_076,2024,Singapore Grand Prix,PER,2,57,+1,1.7666,1.7666,1.7666,0.0,PASS
2024_076,2024,Singapore Grand Prix,PER,2,57,+3,1.7666,3.4592,3.4592,0.0,PASS
2024_076,2024,Singapore Grand Prix,PER,2,57,+5,1.7666,NaN,NaN,0.0,PASS
2024_076,2024,Singapore Grand Prix,PER,2,57,+10,1.7666,NaN,NaN,0.0,PASS
2024_077,2024,Dutch Grand Prix,TSU,3,56,+1,3.0993,3.0993,3.0993,0.0,PASS
2024_077,2024,Dutch Grand Prix,TSU,3,56,+3,3.0993,3.0993,3.0993,0.0,PASS
2024_077,2024,Dutch Grand Prix,TSU,3,56,+5,3.0993,3.0993,3.0993,0.0,PASS
2024_077,2024,Dutch Grand Prix,TSU,3,56,+10,3.0993,3.1578,3.1578,0.0,PASS
2024_078,2024,Hungarian Grand Prix,ALO,2,36,+1,1.8445,3.372,3.372,0.0,PASS
2024_078,2024,Hungarian Grand Prix,ALO,2,36,+3,1.8445,NaN,NaN,0.0,PASS
2024_078,2024,Hungarian Grand Prix,ALO,2,36,+5,1.8445,NaN,NaN,0.0,PASS
2024_078,2024,Hungarian Grand Prix,ALO,2,36,+10,1.8445,NaN,NaN,0.0,PASS
2024_079,2024,Emilia Romagna Grand Prix,TSU,2,32,+1,3.2374,3.2374,3.2374,0.0,PASS
2024_079,2024,Emilia Romagna Grand Prix,TSU,2,32,+3,3.2374,3.2374,3.2374,0.0,PASS
2024_079,2024,Emilia Romagna Grand Prix,TSU,2,32,+5,3.2374,3.2374,3.2374,0.0,PASS
2024_079,2024,Emilia Romagna Grand Prix,TSU,2,32,+10,3.2374,3.2374,3.2374,0.0,PASS
2024_080,2024,Austrian Grand Prix,OCO,3,62,+1,3.6788,3.6788,3.6788,0.0,PASS
2024_080,2024,Austrian Grand Prix,OCO,3,62,+3,3.6788,3.6788,3.6788,0.0,PASS
2024_080,2024,Austrian Grand Prix,OCO,3,62,+5,3.6788,3.6788,3.6788,0.0,PASS
2024_080,2024,Austrian Grand Prix,OCO,3,62,+10,3.6788,NaN,NaN,0.0,PASS
2024_081,2024,Las Vegas Grand Prix,RUS,2,32,+1,4.8268,NaN,NaN,0.0,PASS
2024_081,2024,Las Vegas Grand Prix,RUS,2,32,+3,4.8268,NaN,NaN,0.0,PASS
2024_081,2024,Las Vegas Grand Prix,RUS,2,32,+5,4.8268,NaN,NaN,0.0,PASS
2024_081,2024,Las Vegas Grand Prix,RUS,2,32,+10,4.8268,NaN,NaN,0.0,PASS
2024_082,2024,Dutch Grand Prix,BOT,2,33,+1,2.7334,2.7334,2.7334,0.0,PASS
2024_082,2024,Dutch Grand Prix,BOT,2,33,+3,2.7334,2.7334,2.7334,0.0,PASS
2024_082,2024,Dutch Grand Prix,BOT,2,33,+5,2.7334,2.7334,2.7334,0.0,PASS
2024_082,2024,Dutch Grand Prix,BOT,2,33,+10,2.7334,5.7937,5.7937,0.0,PASS
2024_083,2024,Singapore Grand Prix,RUS,2,34,+1,1.1848,2.0527,2.0527,0.0,PASS
2024_083,2024,Singapore Grand Prix,RUS,2,34,+3,1.1848,2.1046,2.1046,0.0,PASS
2024_083,2024,Singapore Grand Prix,RUS,2,34,+5,1.1848,2.1046,2.1046,0.0,PASS
2024_083,2024,Singapore Grand Prix,RUS,2,34,+10,1.1848,2.1046,2.1046,0.0,PASS
2024_084,2024,United States Grand Prix,LEC,2,45,+1,0.6714,1.2751,1.2751,0.0,PASS
2024_084,2024,United States Grand Prix,LEC,2,45,+3,0.6714,1.2751,1.2751,0.0,PASS
2024_084,2024,United States Grand Prix,LEC,2,45,+5,0.6714,1.2751,1.2751,0.0,PASS
2024_084,2024,United States Grand Prix,LEC,2,45,+10,0.6714,1.2751,1.2751,0.0,PASS
2024_085,2024,Dutch Grand Prix,LEC,2,43,+1,1.1637,1.1637,1.1637,0.0,PASS
2024_085,2024,Dutch Grand Prix,LEC,2,43,+3,1.1637,1.1637,1.1637,0.0,PASS
2024_085,2024,Dutch Grand Prix,LEC,2,43,+5,1.1637,1.1637,1.1637,0.0,PASS
2024_085,2024,Dutch Grand Prix,LEC,2,43,+10,1.1637,1.1637,1.1637,0.0,PASS
2024_086,2024,Spanish Grand Prix,HAM,3,65,+1,1.9684,2.8824,2.8824,0.0,PASS
2024_086,2024,Spanish Grand Prix,HAM,3,65,+3,1.9684,NaN,NaN,0.0,PASS
2024_086,2024,Spanish Grand Prix,HAM,3,65,+5,1.9684,NaN,NaN,0.0,PASS
2024_086,2024,Spanish Grand Prix,HAM,3,65,+10,1.9684,NaN,NaN,0.0,PASS
2024_087,2024,Chinese Grand Prix,MAG,3,46,+1,1.5317,1.5317,1.5317,0.0,PASS
2024_087,2024,Chinese Grand Prix,MAG,3,46,+3,1.5317,1.5317,1.5317,0.0,PASS
2024_087,2024,Chinese Grand Prix,MAG,3,46,+5,1.5317,1.5317,1.5317,0.0,PASS
2024_087,2024,Chinese Grand Prix,MAG,3,46,+10,1.5317,3.2024,3.2024,0.0,PASS
2024_088,2024,Mexico City Grand Prix,OCO,1,35,+1,3.9332,3.9332,3.9332,0.0,PASS
2024_088,2024,Mexico City Grand Prix,OCO,1,35,+3,3.9332,3.9332,3.9332,0.0,PASS
2024_088,2024,Mexico City Grand Prix,OCO,1,35,+5,3.9332,3.9332,3.9332,0.0,PASS
2024_088,2024,Mexico City Grand Prix,OCO,1,35,+10,3.9332,3.9332,3.9332,0.0,PASS
2024_089,2024,Italian Grand Prix,PIA,2,32,+1,0.2858,0.2858,0.2858,0.0,PASS
2024_089,2024,Italian Grand Prix,PIA,2,32,+3,0.2858,0.2858,0.2858,0.0,PASS
2024_089,2024,Italian Grand Prix,PIA,2,32,+5,0.2858,0.5516,0.5516,0.0,PASS
2024_089,2024,Italian Grand Prix,PIA,2,32,+10,0.2858,NaN,NaN,0.0,PASS
2024_090,2024,Azerbaijan Grand Prix,ALO,2,17,+1,0.483,0.483,0.483,0.0,PASS
2024_090,2024,Azerbaijan Grand Prix,ALO,2,17,+3,0.483,0.483,0.483,0.0,PASS
2024_090,2024,Azerbaijan Grand Prix,ALO,2,17,+5,0.483,0.483,0.483,0.0,PASS
2024_090,2024,Azerbaijan Grand Prix,ALO,2,17,+10,0.483,0.483,0.483,0.0,PASS
2024_091,2024,Las Vegas Grand Prix,BOT,2,19,+1,0.0,0.0,0.0,0.0,PASS
2024_091,2024,Las Vegas Grand Prix,BOT,2,19,+3,0.0,0.0,0.0,0.0,PASS
2024_091,2024,Las Vegas Grand Prix,BOT,2,19,+5,0.0,0.0,0.0,0.0,PASS
2024_091,2024,Las Vegas Grand Prix,BOT,2,19,+10,0.0,0.3245,0.3245,0.0,PASS
2024_092,2024,British Grand Prix,ZHO,1,4,+1,0.0,0.0,0.0,0.0,PASS
2024_092,2024,British Grand Prix,ZHO,1,4,+3,0.0,1.0893,1.0893,0.0,PASS
2024_092,2024,British Grand Prix,ZHO,1,4,+5,0.0,2.9689,2.9689,0.0,PASS
2024_092,2024,British Grand Prix,ZHO,1,4,+10,0.0,NaN,NaN,0.0,PASS
2024_093,2024,Singapore Grand Prix,HAM,2,25,+1,1.9377,2.0066,2.0066,0.0,PASS
2024_093,2024,Singapore Grand Prix,HAM,2,25,+3,1.9377,2.0066,2.0066,0.0,PASS
2024_093,2024,Singapore Grand Prix,HAM,2,25,+5,1.9377,2.0066,2.0066,0.0,PASS
2024_093,2024,Singapore Grand Prix,HAM,2,25,+10,1.9377,2.0066,2.0066,0.0,PASS
2024_094,2024,Abu Dhabi Grand Prix,STR,2,19,+1,0.3701,0.5596,0.5596,0.0,PASS
2024_094,2024,Abu Dhabi Grand Prix,STR,2,19,+3,0.3701,0.6801,0.6801,0.0,PASS
2024_094,2024,Abu Dhabi Grand Prix,STR,2,19,+5,0.3701,0.8486,0.8486,0.0,PASS
2024_094,2024,Abu Dhabi Grand Prix,STR,2,19,+10,0.3701,0.9825,0.9825,0.0,PASS
2024_095,2024,Italian Grand Prix,PER,3,51,+1,2.6474,2.6474,2.6474,0.0,PASS
2024_095,2024,Italian Grand Prix,PER,3,51,+3,2.6474,NaN,NaN,0.0,PASS
2024_095,2024,Italian Grand Prix,PER,3,51,+5,2.6474,NaN,NaN,0.0,PASS
2024_095,2024,Italian Grand Prix,PER,3,51,+10,2.6474,NaN,NaN,0.0,PASS
2024_096,2024,Abu Dhabi Grand Prix,MAG,4,35,+1,1.9419,1.9419,1.9419,0.0,PASS
2024_096,2024,Abu Dhabi Grand Prix,MAG,4,35,+3,1.9419,1.9419,1.9419,0.0,PASS
2024_096,2024,Abu Dhabi Grand Prix,MAG,4,35,+5,1.9419,1.9419,1.9419,0.0,PASS
2024_096,2024,Abu Dhabi Grand Prix,MAG,4,35,+10,1.9419,4.2133,4.2133,0.0,PASS
2024_097,2024,Hungarian Grand Prix,LEC,1,19,+1,0.5805,0.5805,0.5805,0.0,PASS
2024_097,2024,Hungarian Grand Prix,LEC,1,19,+3,0.5805,0.5805,0.5805,0.0,PASS
2024_097,2024,Hungarian Grand Prix,LEC,1,19,+5,0.5805,NaN,NaN,0.0,PASS
2024_097,2024,Hungarian Grand Prix,LEC,1,19,+10,0.5805,NaN,NaN,0.0,PASS
2024_098,2024,Spanish Grand Prix,TSU,4,54,+1,1.8949,1.8949,1.8949,0.0,PASS
2024_098,2024,Spanish Grand Prix,TSU,4,54,+3,1.8949,1.8949,1.8949,0.0,PASS
2024_098,2024,Spanish Grand Prix,TSU,4,54,+5,1.8949,1.8949,1.8949,0.0,PASS
2024_098,2024,Spanish Grand Prix,TSU,4,54,+10,1.8949,3.9789,3.9789,0.0,PASS
2024_099,2024,Monaco Grand Prix,ZHO,2,5,+1,0.0,0.0,0.0,0.0,PASS
2024_099,2024,Monaco Grand Prix,ZHO,2,5,+3,0.0,0.0,0.0,0.0,PASS
2024_099,2024,Monaco Grand Prix,ZHO,2,5,+5,0.0,0.0,0.0,0.0,PASS
2024_099,2024,Monaco Grand Prix,ZHO,2,5,+10,0.0,0.0,0.0,0.0,PASS
2024_100,2024,United States Grand Prix,PIA,1,6,+1,0.0,0.0,0.0,0.0,PASS
2024_100,2024,United States Grand Prix,PIA,1,6,+3,0.0,0.0,0.0,0.0,PASS
2024_100,2024,United States Grand Prix,PIA,1,6,+5,0.0,0.0,0.0,0.0,PASS
2024_100,2024,United States Grand Prix,PIA,1,6,+10,0.0,0.3981,0.3981,0.0,PASS
2025_001,2025,Singapore Grand Prix,GAS,3,52,+1,0.0,0.0,0.0,0.0,PASS
2025_001,2025,Singapore Grand Prix,GAS,3,52,+3,0.0,0.4522,0.4522,0.0,PASS
2025_001,2025,Singapore Grand Prix,GAS,3,52,+5,0.0,1.1559,1.1559,0.0,PASS
2025_001,2025,Singapore Grand Prix,GAS,3,52,+10,0.0,NaN,NaN,0.0,PASS
2025_002,2025,Las Vegas Grand Prix,LAW,3,32,+1,0.0,0.0,0.0,0.0,PASS
2025_002,2025,Las Vegas Grand Prix,LAW,3,32,+3,0.0,0.0,0.0,0.0,PASS
2025_002,2025,Las Vegas Grand Prix,LAW,3,32,+5,0.0,0.0922,0.0922,0.0,PASS
2025_002,2025,Las Vegas Grand Prix,LAW,3,32,+10,0.0,0.8521,0.8521,0.0,PASS
2025_003,2025,United States Grand Prix,STR,1,22,+1,0.5655,0.5655,0.5655,0.0,PASS
2025_003,2025,United States Grand Prix,STR,1,22,+3,0.5655,0.5655,0.5655,0.0,PASS
2025_003,2025,United States Grand Prix,STR,1,22,+5,0.5655,0.9305,0.9305,0.0,PASS
2025_003,2025,United States Grand Prix,STR,1,22,+10,0.5655,NaN,NaN,0.0,PASS
2025_004,2025,Chinese Grand Prix,OCO,1,10,+1,0.3544,5.2651,5.2651,0.0,PASS
2025_004,2025,Chinese Grand Prix,OCO,1,10,+3,0.3544,NaN,NaN,0.0,PASS
2025_004,2025,Chinese Grand Prix,OCO,1,10,+5,0.3544,NaN,NaN,0.0,PASS
2025_004,2025,Chinese Grand Prix,OCO,1,10,+10,0.3544,NaN,NaN,0.0,PASS
2025_005,2025,Dutch Grand Prix,NOR,1,17,+1,0.0,0.0,0.0,0.0,PASS
2025_005,2025,Dutch Grand Prix,NOR,1,17,+3,0.0,0.0981,0.0981,0.0,PASS
2025_005,2025,Dutch Grand Prix,NOR,1,17,+5,0.0,0.3063,0.3063,0.0,PASS
2025_005,2025,Dutch Grand Prix,NOR,1,17,+10,0.0,NaN,NaN,0.0,PASS
2025_006,2025,São Paulo Grand Prix,COL,1,15,+1,1.236,1.236,1.236,0.0,PASS
2025_006,2025,São Paulo Grand Prix,COL,1,15,+3,1.236,1.236,1.236,0.0,PASS
2025_006,2025,São Paulo Grand Prix,COL,1,15,+5,1.236,1.236,1.236,0.0,PASS
2025_006,2025,São Paulo Grand Prix,COL,1,15,+10,1.236,1.4142,1.4142,0.0,PASS
2025_007,2025,Monaco Grand Prix,COL,3,27,+1,0.0,0.0,0.0,0.0,PASS
2025_007,2025,Monaco Grand Prix,COL,3,27,+3,0.0,0.0,0.0,0.0,PASS
2025_007,2025,Monaco Grand Prix,COL,3,27,+5,0.0,3.6943,3.6943,0.0,PASS
2025_007,2025,Monaco Grand Prix,COL,3,27,+10,0.0,3.6943,3.6943,0.0,PASS
2025_008,2025,United States Grand Prix,BOR,2,23,+1,0.7244,0.8361,0.8361,0.0,PASS
2025_008,2025,United States Grand Prix,BOR,2,23,+3,0.7244,1.2399,1.2399,0.0,PASS
2025_008,2025,United States Grand Prix,BOR,2,23,+5,0.7244,1.2399,1.2399,0.0,PASS
2025_008,2025,United States Grand Prix,BOR,2,23,+10,0.7244,3.312,3.312,0.0,PASS
2025_009,2025,Canadian Grand Prix,TSU,2,57,+1,0.0,0.0,0.0,0.0,PASS
2025_009,2025,Canadian Grand Prix,TSU,2,57,+3,0.0,0.0,0.0,0.0,PASS
2025_009,2025,Canadian Grand Prix,TSU,2,57,+5,0.0,2.536,2.536,0.0,PASS
2025_009,2025,Canadian Grand Prix,TSU,2,57,+10,0.0,NaN,NaN,0.0,PASS
2025_010,2025,Spanish Grand Prix,TSU,4,51,+1,1.8639,2.0154,2.0154,0.0,PASS
2025_010,2025,Spanish Grand Prix,TSU,4,51,+3,1.8639,NaN,NaN,0.0,PASS
2025_010,2025,Spanish Grand Prix,TSU,4,51,+5,1.8639,NaN,NaN,0.0,PASS
2025_010,2025,Spanish Grand Prix,TSU,4,51,+10,1.8639,NaN,NaN,0.0,PASS
2025_011,2025,São Paulo Grand Prix,BEA,2,36,+1,2.582,2.582,2.582,0.0,PASS
2025_011,2025,São Paulo Grand Prix,BEA,2,36,+3,2.582,2.582,2.582,0.0,PASS
2025_011,2025,São Paulo Grand Prix,BEA,2,36,+5,2.582,2.582,2.582,0.0,PASS
2025_011,2025,São Paulo Grand Prix,BEA,2,36,+10,2.582,NaN,NaN,0.0,PASS
2025_012,2025,Belgian Grand Prix,HAM,2,42,+1,0.0,0.0,0.0,0.0,PASS
2025_012,2025,Belgian Grand Prix,HAM,2,42,+3,0.0,NaN,NaN,0.0,PASS
2025_012,2025,Belgian Grand Prix,HAM,2,42,+5,0.0,NaN,NaN,0.0,PASS
2025_012,2025,Belgian Grand Prix,HAM,2,42,+10,0.0,NaN,NaN,0.0,PASS
2025_013,2025,Canadian Grand Prix,BEA,2,61,+1,4.1384,4.1384,4.1384,0.0,PASS
2025_013,2025,Canadian Grand Prix,BEA,2,61,+3,4.1384,4.1384,4.1384,0.0,PASS
2025_013,2025,Canadian Grand Prix,BEA,2,61,+5,4.1384,NaN,NaN,0.0,PASS
2025_013,2025,Canadian Grand Prix,BEA,2,61,+10,4.1384,NaN,NaN,0.0,PASS
2025_014,2025,Austrian Grand Prix,RUS,1,8,+1,0.0,0.1155,0.1155,0.0,PASS
2025_014,2025,Austrian Grand Prix,RUS,1,8,+3,0.0,0.7485,0.7485,0.0,PASS
2025_014,2025,Austrian Grand Prix,RUS,1,8,+5,0.0,0.8115,0.8115,0.0,PASS
2025_014,2025,Austrian Grand Prix,RUS,1,8,+10,0.0,4.879,4.879,0.0,PASS
2025_015,2025,Qatar Grand Prix,RUS,3,54,+1,1.0887,1.535,1.535,0.0,PASS
2025_015,2025,Qatar Grand Prix,RUS,3,54,+3,1.0887,1.535,1.535,0.0,PASS
2025_015,2025,Qatar Grand Prix,RUS,3,54,+5,1.0887,NaN,NaN,0.0,PASS
2025_015,2025,Qatar Grand Prix,RUS,3,54,+10,1.0887,NaN,NaN,0.0,PASS
2025_016,2025,Azerbaijan Grand Prix,ALB,3,33,+1,2.1439,2.1439,2.1439,0.0,PASS
2025_016,2025,Azerbaijan Grand Prix,ALB,3,33,+3,2.1439,2.1439,2.1439,0.0,PASS
2025_016,2025,Azerbaijan Grand Prix,ALB,3,33,+5,2.1439,2.1439,2.1439,0.0,PASS
2025_016,2025,Azerbaijan Grand Prix,ALB,3,33,+10,2.1439,2.1439,2.1439,0.0,PASS
2025_017,2025,Saudi Arabian Grand Prix,DOO,3,49,+1,3.6507,NaN,NaN,0.0,PASS
2025_017,2025,Saudi Arabian Grand Prix,DOO,3,49,+3,3.6507,NaN,NaN,0.0,PASS
2025_017,2025,Saudi Arabian Grand Prix,DOO,3,49,+5,3.6507,NaN,NaN,0.0,PASS
2025_017,2025,Saudi Arabian Grand Prix,DOO,3,49,+10,3.6507,NaN,NaN,0.0,PASS
2025_018,2025,Miami Grand Prix,OCO,2,24,+1,0.0,0.0,0.0,0.0,PASS
2025_018,2025,Miami Grand Prix,OCO,2,24,+3,0.0,0.37,0.37,0.0,PASS
2025_018,2025,Miami Grand Prix,OCO,2,24,+5,0.0,0.5301,0.5301,0.0,PASS
2025_018,2025,Miami Grand Prix,OCO,2,24,+10,0.0,0.7649,0.7649,0.0,PASS
2025_019,2025,Azerbaijan Grand Prix,RUS,1,36,+1,0.2783,0.2783,0.2783,0.0,PASS
2025_019,2025,Azerbaijan Grand Prix,RUS,1,36,+3,0.2783,3.2096,3.2096,0.0,PASS
2025_019,2025,Azerbaijan Grand Prix,RUS,1,36,+5,0.2783,NaN,NaN,0.0,PASS
2025_019,2025,Azerbaijan Grand Prix,RUS,1,36,+10,0.2783,NaN,NaN,0.0,PASS
2025_020,2025,Abu Dhabi Grand Prix,VER,2,50,+1,0.7542,0.8109,0.8109,0.0,PASS
2025_020,2025,Abu Dhabi Grand Prix,VER,2,50,+3,0.7542,1.3427,1.3427,0.0,PASS
2025_020,2025,Abu Dhabi Grand Prix,VER,2,50,+5,0.7542,1.8839,1.8839,0.0,PASS
2025_020,2025,Abu Dhabi Grand Prix,VER,2,50,+10,0.7542,NaN,NaN,0.0,PASS
2025_021,2025,Saudi Arabian Grand Prix,SAI,2,23,+1,0.0,0.0,0.0,0.0,PASS
2025_021,2025,Saudi Arabian Grand Prix,SAI,2,23,+3,0.0,0.0313,0.0313,0.0,PASS
2025_021,2025,Saudi Arabian Grand Prix,SAI,2,23,+5,0.0,0.4216,0.4216,0.0,PASS
2025_021,2025,Saudi Arabian Grand Prix,SAI,2,23,+10,0.0,0.4216,0.4216,0.0,PASS
2025_022,2025,Las Vegas Grand Prix,HUL,1,6,+1,0.1657,0.1657,0.1657,0.0,PASS
2025_022,2025,Las Vegas Grand Prix,HUL,1,6,+3,0.1657,0.1657,0.1657,0.0,PASS
2025_022,2025,Las Vegas Grand Prix,HUL,1,6,+5,0.1657,0.1657,0.1657,0.0,PASS
2025_022,2025,Las Vegas Grand Prix,HUL,1,6,+10,0.1657,0.1657,0.1657,0.0,PASS
2025_023,2025,Las Vegas Grand Prix,LEC,1,24,+1,4.6951,NaN,NaN,0.0,PASS
2025_023,2025,Las Vegas Grand Prix,LEC,1,24,+3,4.6951,NaN,NaN,0.0,PASS
2025_023,2025,Las Vegas Grand Prix,LEC,1,24,+5,4.6951,NaN,NaN,0.0,PASS
2025_023,2025,Las Vegas Grand Prix,LEC,1,24,+10,4.6951,NaN,NaN,0.0,PASS
2025_024,2025,United States Grand Prix,NOR,1,19,+1,1.1276,1.1276,1.1276,0.0,PASS
2025_024,2025,United States Grand Prix,NOR,1,19,+3,1.1276,1.1276,1.1276,0.0,PASS
2025_024,2025,United States Grand Prix,NOR,1,19,+5,1.1276,1.1276,1.1276,0.0,PASS
2025_024,2025,United States Grand Prix,NOR,1,19,+10,1.1276,1.1276,1.1276,0.0,PASS
2025_025,2025,Italian Grand Prix,BEA,1,8,+1,0.0,0.0,0.0,0.0,PASS
2025_025,2025,Italian Grand Prix,BEA,1,8,+3,0.0,0.0,0.0,0.0,PASS
2025_025,2025,Italian Grand Prix,BEA,1,8,+5,0.0,0.0,0.0,0.0,PASS
2025_025,2025,Italian Grand Prix,BEA,1,8,+10,0.0,5.0933,5.0933,0.0,PASS
2025_026,2025,Austrian Grand Prix,TSU,4,68,+1,3.2109,NaN,NaN,0.0,PASS
2025_026,2025,Austrian Grand Prix,TSU,4,68,+3,3.2109,NaN,NaN,0.0,PASS
2025_026,2025,Austrian Grand Prix,TSU,4,68,+5,3.2109,NaN,NaN,0.0,PASS
2025_026,2025,Austrian Grand Prix,TSU,4,68,+10,3.2109,NaN,NaN,0.0,PASS
2025_027,2025,Japanese Grand Prix,GAS,2,48,+1,0.2259,0.2277,0.2277,0.0,PASS
2025_027,2025,Japanese Grand Prix,GAS,2,48,+3,0.2259,0.3161,0.3161,0.0,PASS
2025_027,2025,Japanese Grand Prix,GAS,2,48,+5,0.2259,1.5712,1.5712,0.0,PASS
2025_027,2025,Japanese Grand Prix,GAS,2,48,+10,0.2259,NaN,NaN,0.0,PASS
2025_028,2025,Japanese Grand Prix,BEA,1,3,+1,0.0,0.0,0.0,0.0,PASS
2025_028,2025,Japanese Grand Prix,BEA,1,3,+3,0.0,0.0,0.0,0.0,PASS
2025_028,2025,Japanese Grand Prix,BEA,1,3,+5,0.0,0.2529,0.2529,0.0,PASS
2025_028,2025,Japanese Grand Prix,BEA,1,3,+10,0.0,0.2529,0.2529,0.0,PASS
2025_029,2025,Japanese Grand Prix,GAS,2,37,+1,0.0,0.0,0.0,0.0,PASS
2025_029,2025,Japanese Grand Prix,GAS,2,37,+3,0.0,0.0,0.0,0.0,PASS
2025_029,2025,Japanese Grand Prix,GAS,2,37,+5,0.0,0.0,0.0,0.0,PASS
2025_029,2025,Japanese Grand Prix,GAS,2,37,+10,0.0,0.2259,0.2259,0.0,PASS
2025_030,2025,Monaco Grand Prix,BEA,3,42,+1,5.3542,5.3542,5.3542,0.0,PASS
2025_030,2025,Monaco Grand Prix,BEA,3,42,+3,5.3542,5.3542,5.3542,0.0,PASS
2025_030,2025,Monaco Grand Prix,BEA,3,42,+5,5.3542,5.3542,5.3542,0.0,PASS
2025_030,2025,Monaco Grand Prix,BEA,3,42,+10,5.3542,6.9715,6.9715,0.0,PASS
2025_031,2025,Monaco Grand Prix,STR,2,35,+1,4.2445,4.2445,4.2445,0.0,PASS
2025_031,2025,Monaco Grand Prix,STR,2,35,+3,4.2445,4.2445,4.2445,0.0,PASS
2025_031,2025,Monaco Grand Prix,STR,2,35,+5,4.2445,4.2445,4.2445,0.0,PASS
2025_031,2025,Monaco Grand Prix,STR,2,35,+10,4.2445,4.2445,4.2445,0.0,PASS
2025_032,2025,Qatar Grand Prix,COL,2,25,+1,0.0,0.4533,0.4533,0.0,PASS
2025_032,2025,Qatar Grand Prix,COL,2,25,+3,0.0,0.4533,0.4533,0.0,PASS
2025_032,2025,Qatar Grand Prix,COL,2,25,+5,0.0,0.4533,0.4533,0.0,PASS
2025_032,2025,Qatar Grand Prix,COL,2,25,+10,0.0,NaN,NaN,0.0,PASS
2025_033,2025,Hungarian Grand Prix,TSU,1,10,+1,0.026,0.026,0.026,0.0,PASS
2025_033,2025,Hungarian Grand Prix,TSU,1,10,+3,0.026,0.026,0.026,0.0,PASS
2025_033,2025,Hungarian Grand Prix,TSU,1,10,+5,0.026,0.026,0.026,0.0,PASS
2025_033,2025,Hungarian Grand Prix,TSU,1,10,+10,0.026,4.5635,4.5635,0.0,PASS
2025_034,2025,Bahrain Grand Prix,ALO,3,40,+1,0.25,0.4528,0.4528,0.0,PASS
2025_034,2025,Bahrain Grand Prix,ALO,3,40,+3,0.25,1.0183,1.0183,0.0,PASS
2025_034,2025,Bahrain Grand Prix,ALO,3,40,+5,0.25,1.0183,1.0183,0.0,PASS
2025_034,2025,Bahrain Grand Prix,ALO,3,40,+10,0.25,1.0183,1.0183,0.0,PASS
2025_035,2025,Belgian Grand Prix,SAI,2,23,+1,0.5481,0.5481,0.5481,0.0,PASS
2025_035,2025,Belgian Grand Prix,SAI,2,23,+3,0.5481,4.6273,4.6273,0.0,PASS
2025_035,2025,Belgian Grand Prix,SAI,2,23,+5,0.5481,NaN,NaN,0.0,PASS
2025_035,2025,Belgian Grand Prix,SAI,2,23,+10,0.5481,NaN,NaN,0.0,PASS
2025_036,2025,Dutch Grand Prix,STR,2,28,+1,3.2145,3.2145,3.2145,0.0,PASS
2025_036,2025,Dutch Grand Prix,STR,2,28,+3,3.2145,3.2145,3.2145,0.0,PASS
2025_036,2025,Dutch Grand Prix,STR,2,28,+5,3.2145,3.2145,3.2145,0.0,PASS
2025_036,2025,Dutch Grand Prix,STR,2,28,+10,3.2145,3.2145,3.2145,0.0,PASS
2025_037,2025,Dutch Grand Prix,RUS,3,60,+1,0.0,0.0,0.0,0.0,PASS
2025_037,2025,Dutch Grand Prix,RUS,3,60,+3,0.0,0.0,0.0,0.0,PASS
2025_037,2025,Dutch Grand Prix,RUS,3,60,+5,0.0,0.4525,0.4525,0.0,PASS
2025_037,2025,Dutch Grand Prix,RUS,3,60,+10,0.0,NaN,NaN,0.0,PASS
2025_038,2025,Bahrain Grand Prix,HAM,3,49,+1,1.7739,1.7777,1.7777,0.0,PASS
2025_038,2025,Bahrain Grand Prix,HAM,3,49,+3,1.7739,2.3745,2.3745,0.0,PASS
2025_038,2025,Bahrain Grand Prix,HAM,3,49,+5,1.7739,2.546,2.546,0.0,PASS
2025_038,2025,Bahrain Grand Prix,HAM,3,49,+10,1.7739,NaN,NaN,0.0,PASS
2025_039,2025,Singapore Grand Prix,ALB,1,40,+1,0.7422,0.7422,0.7422,0.0,PASS
2025_039,2025,Singapore Grand Prix,ALB,1,40,+3,0.7422,NaN,NaN,0.0,PASS
2025_039,2025,Singapore Grand Prix,ALB,1,40,+5,0.7422,NaN,NaN,0.0,PASS
2025_039,2025,Singapore Grand Prix,ALB,1,40,+10,0.7422,NaN,NaN,0.0,PASS
2025_040,2025,Hungarian Grand Prix,HAM,1,4,+1,0.0,0.0,0.0,0.0,PASS
2025_040,2025,Hungarian Grand Prix,HAM,1,4,+3,0.0,0.0,0.0,0.0,PASS
2025_040,2025,Hungarian Grand Prix,HAM,1,4,+5,0.0,0.0,0.0,0.0,PASS
2025_040,2025,Hungarian Grand Prix,HAM,1,4,+10,0.0,0.0,0.0,0.0,PASS
2025_041,2025,Saudi Arabian Grand Prix,BEA,1,4,+1,0.0,0.0,0.0,0.0,PASS
2025_041,2025,Saudi Arabian Grand Prix,BEA,1,4,+3,0.0,0.0,0.0,0.0,PASS
2025_041,2025,Saudi Arabian Grand Prix,BEA,1,4,+5,0.0,0.0,0.0,0.0,PASS
2025_041,2025,Saudi Arabian Grand Prix,BEA,1,4,+10,0.0,0.6934,0.6934,0.0,PASS
2025_042,2025,Las Vegas Grand Prix,SAI,1,8,+1,0.0,0.0,0.0,0.0,PASS
2025_042,2025,Las Vegas Grand Prix,SAI,1,8,+3,0.0,0.0369,0.0369,0.0,PASS
2025_042,2025,Las Vegas Grand Prix,SAI,1,8,+5,0.0,0.0369,0.0369,0.0,PASS
2025_042,2025,Las Vegas Grand Prix,SAI,1,8,+10,0.0,0.0486,0.0486,0.0,PASS
2025_043,2025,Dutch Grand Prix,PIA,3,64,+1,0.3008,0.4435,0.4435,0.0,PASS
2025_043,2025,Dutch Grand Prix,PIA,3,64,+3,0.3008,0.7958,0.7958,0.0,PASS
2025_043,2025,Dutch Grand Prix,PIA,3,64,+5,0.3008,NaN,NaN,0.0,PASS
2025_043,2025,Dutch Grand Prix,PIA,3,64,+10,0.3008,NaN,NaN,0.0,PASS
2025_044,2025,Mexico City Grand Prix,NOR,1,13,+1,0.0,0.0,0.0,0.0,PASS
2025_044,2025,Mexico City Grand Prix,NOR,1,13,+3,0.0,0.0,0.0,0.0,PASS
2025_044,2025,Mexico City Grand Prix,NOR,1,13,+5,0.0,0.4776,0.4776,0.0,PASS
2025_044,2025,Mexico City Grand Prix,NOR,1,13,+10,0.0,0.7907,0.7907,0.0,PASS
2025_045,2025,Monaco Grand Prix,RUS,1,21,+1,0.6605,0.6605,0.6605,0.0,PASS
2025_045,2025,Monaco Grand Prix,RUS,1,21,+3,0.6605,0.6605,0.6605,0.0,PASS
2025_045,2025,Monaco Grand Prix,RUS,1,21,+5,0.6605,0.6605,0.6605,0.0,PASS
2025_045,2025,Monaco Grand Prix,RUS,1,21,+10,0.6605,0.695,0.695,0.0,PASS
2025_046,2025,Monaco Grand Prix,HAM,2,45,+1,3.0737,3.0737,3.0737,0.0,PASS
2025_046,2025,Monaco Grand Prix,HAM,2,45,+3,3.0737,3.0737,3.0737,0.0,PASS
2025_046,2025,Monaco Grand Prix,HAM,2,45,+5,3.0737,3.0737,3.0737,0.0,PASS
2025_046,2025,Monaco Grand Prix,HAM,2,45,+10,3.0737,3.0737,3.0737,0.0,PASS
2025_047,2025,São Paulo Grand Prix,HAD,3,53,+1,1.6706,1.6706,1.6706,0.0,PASS
2025_047,2025,São Paulo Grand Prix,HAD,3,53,+3,1.6706,1.6706,1.6706,0.0,PASS
2025_047,2025,São Paulo Grand Prix,HAD,3,53,+5,1.6706,1.6706,1.6706,0.0,PASS
2025_047,2025,São Paulo Grand Prix,HAD,3,53,+10,1.6706,1.6706,1.6706,0.0,PASS
2025_048,2025,Dutch Grand Prix,GAS,2,42,+1,0.4182,0.5783,0.5783,0.0,PASS
2025_048,2025,Dutch Grand Prix,GAS,2,42,+3,0.4182,0.6945,0.6945,0.0,PASS
2025_048,2025,Dutch Grand Prix,GAS,2,42,+5,0.4182,0.7888,0.7888,0.0,PASS
2025_048,2025,Dutch Grand Prix,GAS,2,42,+10,0.4182,1.4962,1.4962,0.0,PASS
2025_049,2025,Saudi Arabian Grand Prix,RUS,1,9,+1,0.0,0.1065,0.1065,0.0,PASS
2025_049,2025,Saudi Arabian Grand Prix,RUS,1,9,+3,0.0,0.3931,0.3931,0.0,PASS
2025_049,2025,Saudi Arabian Grand Prix,RUS,1,9,+5,0.0,0.6207,0.6207,0.0,PASS
2025_049,2025,Saudi Arabian Grand Prix,RUS,1,9,+10,0.0,1.4602,1.4602,0.0,PASS
2025_050,2025,Qatar Grand Prix,BOR,3,38,+1,0.4986,0.4986,0.4986,0.0,PASS
2025_050,2025,Qatar Grand Prix,BOR,3,38,+3,0.4986,0.5739,0.5739,0.0,PASS
2025_050,2025,Qatar Grand Prix,BOR,3,38,+5,0.4986,0.5739,0.5739,0.0,PASS
2025_050,2025,Qatar Grand Prix,BOR,3,38,+10,0.4986,0.7397,0.7397,0.0,PASS
2025_051,2025,Chinese Grand Prix,SAI,1,12,+1,0.979,0.979,0.979,0.0,PASS
2025_051,2025,Chinese Grand Prix,SAI,1,12,+3,0.979,0.979,0.979,0.0,PASS
2025_051,2025,Chinese Grand Prix,SAI,1,12,+5,0.979,6.7664,6.7664,0.0,PASS
2025_051,2025,Chinese Grand Prix,SAI,1,12,+10,0.979,NaN,NaN,0.0,PASS
2025_052,2025,Abu Dhabi Grand Prix,PIA,1,6,+1,0.1071,0.1071,0.1071,0.0,PASS
2025_052,2025,Abu Dhabi Grand Prix,PIA,1,6,+3,0.1071,0.1071,0.1071,0.0,PASS
2025_052,2025,Abu Dhabi Grand Prix,PIA,1,6,+5,0.1071,0.1071,0.1071,0.0,PASS
2025_052,2025,Abu Dhabi Grand Prix,PIA,1,6,+10,0.1071,0.579,0.579,0.0,PASS
2025_053,2025,Mexico City Grand Prix,VER,1,34,+1,2.1113,2.5221,2.5221,0.0,PASS
2025_053,2025,Mexico City Grand Prix,VER,1,34,+3,2.1113,5.9087,5.9087,0.0,PASS
2025_053,2025,Mexico City Grand Prix,VER,1,34,+5,2.1113,NaN,NaN,0.0,PASS
2025_053,2025,Mexico City Grand Prix,VER,1,34,+10,2.1113,NaN,NaN,0.0,PASS
2025_054,2025,Abu Dhabi Grand Prix,ALO,2,37,+1,1.0885,1.3602,1.3602,0.0,PASS
2025_054,2025,Abu Dhabi Grand Prix,ALO,2,37,+3,1.0885,1.3602,1.3602,0.0,PASS
2025_054,2025,Abu Dhabi Grand Prix,ALO,2,37,+5,1.0885,1.3602,1.3602,0.0,PASS
2025_054,2025,Abu Dhabi Grand Prix,ALO,2,37,+10,1.0885,1.3602,1.3602,0.0,PASS
2025_055,2025,United States Grand Prix,NOR,2,38,+1,0.065,0.2018,0.2018,0.0,PASS
2025_055,2025,United States Grand Prix,NOR,2,38,+3,0.065,0.6735,0.6735,0.0,PASS
2025_055,2025,United States Grand Prix,NOR,2,38,+5,0.065,1.6684,1.6684,0.0,PASS
2025_055,2025,United States Grand Prix,NOR,2,38,+10,0.065,1.6684,1.6684,0.0,PASS
2025_056,2025,Emilia Romagna Grand Prix,BOR,4,59,+1,0.537,0.537,0.537,0.0,PASS
2025_056,2025,Emilia Romagna Grand Prix,BOR,4,59,+3,0.537,0.537,0.537,0.0,PASS
2025_056,2025,Emilia Romagna Grand Prix,BOR,4,59,+5,0.537,NaN,NaN,0.0,PASS
2025_056,2025,Emilia Romagna Grand Prix,BOR,4,59,+10,0.537,NaN,NaN,0.0,PASS
2025_057,2025,Hungarian Grand Prix,HUL,3,64,+1,4.176,4.176,4.176,0.0,PASS
2025_057,2025,Hungarian Grand Prix,HUL,3,64,+3,4.176,4.176,4.176,0.0,PASS
2025_057,2025,Hungarian Grand Prix,HUL,3,64,+5,4.176,4.176,4.176,0.0,PASS
2025_057,2025,Hungarian Grand Prix,HUL,3,64,+10,4.176,NaN,NaN,0.0,PASS
2025_058,2025,Japanese Grand Prix,HUL,1,8,+1,0.0,0.0,0.0,0.0,PASS
2025_058,2025,Japanese Grand Prix,HUL,1,8,+3,0.0,0.0,0.0,0.0,PASS
2025_058,2025,Japanese Grand Prix,HUL,1,8,+5,0.0,0.0,0.0,0.0,PASS
2025_058,2025,Japanese Grand Prix,HUL,1,8,+10,0.0,0.1435,0.1435,0.0,PASS
2025_059,2025,United States Grand Prix,LAW,1,22,+1,0.3627,0.3627,0.3627,0.0,PASS
2025_059,2025,United States Grand Prix,LAW,1,22,+3,0.3627,0.5692,0.5692,0.0,PASS
2025_059,2025,United States Grand Prix,LAW,1,22,+5,0.3627,0.629,0.629,0.0,PASS
2025_059,2025,United States Grand Prix,LAW,1,22,+10,0.3627,NaN,NaN,0.0,PASS
2025_060,2025,Dutch Grand Prix,VER,2,44,+1,0.1007,0.1007,0.1007,0.0,PASS
2025_060,2025,Dutch Grand Prix,VER,2,44,+3,0.1007,0.2344,0.2344,0.0,PASS
2025_060,2025,Dutch Grand Prix,VER,2,44,+5,0.1007,0.2656,0.2656,0.0,PASS
2025_060,2025,Dutch Grand Prix,VER,2,44,+10,0.1007,NaN,NaN,0.0,PASS
2025_061,2025,Canadian Grand Prix,LEC,1,13,+1,0.0,0.0,0.0,0.0,PASS
2025_061,2025,Canadian Grand Prix,LEC,1,13,+3,0.0,0.0,0.0,0.0,PASS
2025_061,2025,Canadian Grand Prix,LEC,1,13,+5,0.0,0.0,0.0,0.0,PASS
2025_061,2025,Canadian Grand Prix,LEC,1,13,+10,0.0,0.0,0.0,0.0,PASS
2025_062,2025,Singapore Grand Prix,STR,2,54,+1,3.1772,3.1772,3.1772,0.0,PASS
2025_062,2025,Singapore Grand Prix,STR,2,54,+3,3.1772,3.1772,3.1772,0.0,PASS
2025_062,2025,Singapore Grand Prix,STR,2,54,+5,3.1772,3.1772,3.1772,0.0,PASS
2025_062,2025,Singapore Grand Prix,STR,2,54,+10,3.1772,NaN,NaN,0.0,PASS
2025_063,2025,Spanish Grand Prix,ANT,3,51,+1,0.0,0.0,0.0,0.0,PASS
2025_063,2025,Spanish Grand Prix,ANT,3,51,+3,0.0,NaN,NaN,0.0,PASS
2025_063,2025,Spanish Grand Prix,ANT,3,51,+5,0.0,NaN,NaN,0.0,PASS
2025_063,2025,Spanish Grand Prix,ANT,3,51,+10,0.0,NaN,NaN,0.0,PASS
2025_064,2025,United States Grand Prix,ALB,1,4,+1,0.0,0.0,0.0,0.0,PASS
2025_064,2025,United States Grand Prix,ALB,1,4,+3,0.0,NaN,NaN,0.0,PASS
2025_064,2025,United States Grand Prix,ALB,1,4,+5,0.0,NaN,NaN,0.0,PASS
2025_064,2025,United States Grand Prix,ALB,1,4,+10,0.0,NaN,NaN,0.0,PASS
2025_065,2025,British Grand Prix,STR,2,9,+1,1.226,1.226,1.226,0.0,PASS
2025_065,2025,British Grand Prix,STR,2,9,+3,1.226,NaN,NaN,0.0,PASS
2025_065,2025,British Grand Prix,STR,2,9,+5,1.226,NaN,NaN,0.0,PASS
2025_065,2025,British Grand Prix,STR,2,9,+10,1.226,NaN,NaN,0.0,PASS
2025_066,2025,Singapore Grand Prix,STR,1,22,+1,0.0,0.0,0.0,0.0,PASS
2025_066,2025,Singapore Grand Prix,STR,1,22,+3,0.0,0.0,0.0,0.0,PASS
2025_066,2025,Singapore Grand Prix,STR,1,22,+5,0.0,0.0868,0.0868,0.0,PASS
2025_066,2025,Singapore Grand Prix,STR,1,22,+10,0.0,0.6012,0.6012,0.0,PASS
2025_067,2025,Abu Dhabi Grand Prix,GAS,1,6,+1,0.0,0.0,0.0,0.0,PASS
2025_067,2025,Abu Dhabi Grand Prix,GAS,1,6,+3,0.0,0.0,0.0,0.0,PASS
2025_067,2025,Abu Dhabi Grand Prix,GAS,1,6,+5,0.0,0.5142,0.5142,0.0,PASS
2025_067,2025,Abu Dhabi Grand Prix,GAS,1,6,+10,0.0,NaN,NaN,0.0,PASS
2025_068,2025,Saudi Arabian Grand Prix,HUL,1,29,+1,2.175,2.175,2.175,0.0,PASS
2025_068,2025,Saudi Arabian Grand Prix,HUL,1,29,+3,2.175,2.175,2.175,0.0,PASS
2025_068,2025,Saudi Arabian Grand Prix,HUL,1,29,+5,2.175,NaN,NaN,0.0,PASS
2025_068,2025,Saudi Arabian Grand Prix,HUL,1,29,+10,2.175,NaN,NaN,0.0,PASS
2025_069,2025,Azerbaijan Grand Prix,OCO,3,28,+1,0.0,0.0,0.0,0.0,PASS
2025_069,2025,Azerbaijan Grand Prix,OCO,3,28,+3,0.0,0.0,0.0,0.0,PASS
2025_069,2025,Azerbaijan Grand Prix,OCO,3,28,+5,0.0,0.0,0.0,0.0,PASS
2025_069,2025,Azerbaijan Grand Prix,OCO,3,28,+10,0.0,1.1258,1.1258,0.0,PASS
2025_070,2025,Austrian Grand Prix,HAD,2,7,+1,0.0,0.0,0.0,0.0,PASS
2025_070,2025,Austrian Grand Prix,HAD,2,7,+3,0.0,0.0,0.0,0.0,PASS
2025_070,2025,Austrian Grand Prix,HAD,2,7,+5,0.0,0.0,0.0,0.0,PASS
2025_070,2025,Austrian Grand Prix,HAD,2,7,+10,0.0,0.7555,0.7555,0.0,PASS
2025_071,2025,Hungarian Grand Prix,HUL,2,24,+1,2.8915,2.8915,2.8915,0.0,PASS
2025_071,2025,Hungarian Grand Prix,HUL,2,24,+3,2.8915,2.8915,2.8915,0.0,PASS
2025_071,2025,Hungarian Grand Prix,HUL,2,24,+5,2.8915,3.465,3.465,0.0,PASS
2025_071,2025,Hungarian Grand Prix,HUL,2,24,+10,2.8915,3.465,3.465,0.0,PASS
2025_072,2025,Bahrain Grand Prix,SAI,1,14,+1,5.0529,NaN,NaN,0.0,PASS
2025_072,2025,Bahrain Grand Prix,SAI,1,14,+3,5.0529,NaN,NaN,0.0,PASS
2025_072,2025,Bahrain Grand Prix,SAI,1,14,+5,5.0529,NaN,NaN,0.0,PASS
2025_072,2025,Bahrain Grand Prix,SAI,1,14,+10,5.0529,NaN,NaN,0.0,PASS
2025_073,2025,Chinese Grand Prix,PIA,2,54,+1,1.1619,1.1619,1.1619,0.0,PASS
2025_073,2025,Chinese Grand Prix,PIA,2,54,+3,1.1619,NaN,NaN,0.0,PASS
2025_073,2025,Chinese Grand Prix,PIA,2,54,+5,1.1619,NaN,NaN,0.0,PASS
2025_073,2025,Chinese Grand Prix,PIA,2,54,+10,1.1619,NaN,NaN,0.0,PASS
2025_074,2025,Chinese Grand Prix,VER,2,27,+1,1.267,1.267,1.267,0.0,PASS
2025_074,2025,Chinese Grand Prix,VER,2,27,+3,1.267,1.267,1.267,0.0,PASS
2025_074,2025,Chinese Grand Prix,VER,2,27,+5,1.267,1.267,1.267,0.0,PASS
2025_074,2025,Chinese Grand Prix,VER,2,27,+10,1.267,1.267,1.267,0.0,PASS
2025_075,2025,Mexico City Grand Prix,ALO,1,14,+1,1.5026,1.5104,1.5104,0.0,PASS
2025_075,2025,Mexico City Grand Prix,ALO,1,14,+3,1.5026,1.943,1.943,0.0,PASS
2025_075,2025,Mexico City Grand Prix,ALO,1,14,+5,1.5026,1.943,1.943,0.0,PASS
2025_075,2025,Mexico City Grand Prix,ALO,1,14,+10,1.5026,NaN,NaN,0.0,PASS
2025_076,2025,Mexico City Grand Prix,HAM,1,23,+1,6.9667,NaN,NaN,0.0,PASS
2025_076,2025,Mexico City Grand Prix,HAM,1,23,+3,6.9667,NaN,NaN,0.0,PASS
2025_076,2025,Mexico City Grand Prix,HAM,1,23,+5,6.9667,NaN,NaN,0.0,PASS
2025_076,2025,Mexico City Grand Prix,HAM,1,23,+10,6.9667,NaN,NaN,0.0,PASS
2025_077,2025,Mexico City Grand Prix,GAS,2,42,+1,0.558,0.558,0.558,0.0,PASS
2025_077,2025,Mexico City Grand Prix,GAS,2,42,+3,0.558,0.558,0.558,0.0,PASS
2025_077,2025,Mexico City Grand Prix,GAS,2,42,+5,0.558,0.558,0.558,0.0,PASS
2025_077,2025,Mexico City Grand Prix,GAS,2,42,+10,0.558,0.558,0.558,0.0,PASS
2025_078,2025,Italian Grand Prix,NOR,1,13,+1,0.8404,0.8404,0.8404,0.0,PASS
2025_078,2025,Italian Grand Prix,NOR,1,13,+3,0.8404,0.8404,0.8404,0.0,PASS
2025_078,2025,Italian Grand Prix,NOR,1,13,+5,0.8404,0.8404,0.8404,0.0,PASS
2025_078,2025,Italian Grand Prix,NOR,1,13,+10,0.8404,0.8404,0.8404,0.0,PASS
2025_079,2025,São Paulo Grand Prix,OCO,3,50,+1,0.0,0.0,0.0,0.0,PASS
2025_079,2025,São Paulo Grand Prix,OCO,3,50,+3,0.0,0.0,0.0,0.0,PASS
2025_079,2025,São Paulo Grand Prix,OCO,3,50,+5,0.0,0.277,0.277,0.0,PASS
2025_079,2025,São Paulo Grand Prix,OCO,3,50,+10,0.0,0.587,0.587,0.0,PASS
2025_080,2025,Emilia Romagna Grand Prix,ALB,1,14,+1,2.006,2.006,2.006,0.0,PASS
2025_080,2025,Emilia Romagna Grand Prix,ALB,1,14,+3,2.006,2.006,2.006,0.0,PASS
2025_080,2025,Emilia Romagna Grand Prix,ALB,1,14,+5,2.006,2.006,2.006,0.0,PASS
2025_080,2025,Emilia Romagna Grand Prix,ALB,1,14,+10,2.006,2.006,2.006,0.0,PASS
2025_081,2025,Monaco Grand Prix,ALB,3,56,+1,1.5382,1.5382,1.5382,0.0,PASS
2025_081,2025,Monaco Grand Prix,ALB,3,56,+3,1.5382,1.5382,1.5382,0.0,PASS
2025_081,2025,Monaco Grand Prix,ALB,3,56,+5,1.5382,1.5382,1.5382,0.0,PASS
2025_081,2025,Monaco Grand Prix,ALB,3,56,+10,1.5382,1.5382,1.5382,0.0,PASS
2025_082,2025,Japanese Grand Prix,BOR,2,42,+1,0.4094,0.4094,0.4094,0.0,PASS
2025_082,2025,Japanese Grand Prix,BOR,2,42,+3,0.4094,0.4094,0.4094,0.0,PASS
2025_082,2025,Japanese Grand Prix,BOR,2,42,+5,0.4094,0.7049,0.7049,0.0,PASS
2025_082,2025,Japanese Grand Prix,BOR,2,42,+10,0.4094,1.3952,1.3952,0.0,PASS
2025_083,2025,Canadian Grand Prix,RUS,2,24,+1,0.1844,0.1844,0.1844,0.0,PASS
2025_083,2025,Canadian Grand Prix,RUS,2,24,+3,0.1844,0.4009,0.4009,0.0,PASS
2025_083,2025,Canadian Grand Prix,RUS,2,24,+5,0.1844,0.4489,0.4489,0.0,PASS
2025_083,2025,Canadian Grand Prix,RUS,2,24,+10,0.1844,0.4489,0.4489,0.0,PASS
2025_084,2025,Austrian Grand Prix,HUL,3,65,+1,2.023,2.023,2.023,0.0,PASS
2025_084,2025,Austrian Grand Prix,HUL,3,65,+3,2.023,2.023,2.023,0.0,PASS
2025_084,2025,Austrian Grand Prix,HUL,3,65,+5,2.023,NaN,NaN,0.0,PASS
2025_084,2025,Austrian Grand Prix,HUL,3,65,+10,2.023,NaN,NaN,0.0,PASS
2025_085,2025,Canadian Grand Prix,OCO,1,20,+1,1.3019,1.3019,1.3019,0.0,PASS
2025_085,2025,Canadian Grand Prix,OCO,1,20,+3,1.3019,1.3019,1.3019,0.0,PASS
2025_085,2025,Canadian Grand Prix,OCO,1,20,+5,1.3019,1.3019,1.3019,0.0,PASS
2025_085,2025,Canadian Grand Prix,OCO,1,20,+10,1.3019,1.3019,1.3019,0.0,PASS
2025_086,2025,São Paulo Grand Prix,LAW,2,43,+1,2.1748,2.1748,2.1748,0.0,PASS
2025_086,2025,São Paulo Grand Prix,LAW,2,43,+3,2.1748,2.1748,2.1748,0.0,PASS
2025_086,2025,São Paulo Grand Prix,LAW,2,43,+5,2.1748,2.1748,2.1748,0.0,PASS
2025_086,2025,São Paulo Grand Prix,LAW,2,43,+10,2.1748,2.6643,2.6643,0.0,PASS
2025_087,2025,Hungarian Grand Prix,VER,1,3,+1,0.0,0.0,0.0,0.0,PASS
2025_087,2025,Hungarian Grand Prix,VER,1,3,+3,0.0,0.0,0.0,0.0,PASS
2025_087,2025,Hungarian Grand Prix,VER,1,3,+5,0.0,0.0,0.0,0.0,PASS
2025_087,2025,Hungarian Grand Prix,VER,1,3,+10,0.0,0.0,0.0,0.0,PASS
2025_088,2025,United States Grand Prix,LAW,1,4,+1,0.0,0.0,0.0,0.0,PASS
2025_088,2025,United States Grand Prix,LAW,1,4,+3,0.0,0.0,0.0,0.0,PASS
2025_088,2025,United States Grand Prix,LAW,1,4,+5,0.0,0.1119,0.1119,0.0,PASS
2025_088,2025,United States Grand Prix,LAW,1,4,+10,0.0,0.3384,0.3384,0.0,PASS
2025_089,2025,Canadian Grand Prix,ANT,1,5,+1,0.0,0.0,0.0,0.0,PASS
2025_089,2025,Canadian Grand Prix,ANT,1,5,+3,0.0,0.0,0.0,0.0,PASS
2025_089,2025,Canadian Grand Prix,ANT,1,5,+5,0.0,0.15,0.15,0.0,PASS
2025_089,2025,Canadian Grand Prix,ANT,1,5,+10,0.0,NaN,NaN,0.0,PASS
2025_090,2025,Monaco Grand Prix,BEA,3,55,+1,6.9715,6.9715,6.9715,0.0,PASS
2025_090,2025,Monaco Grand Prix,BEA,3,55,+3,6.9715,6.9715,6.9715,0.0,PASS
2025_090,2025,Monaco Grand Prix,BEA,3,55,+5,6.9715,6.9715,6.9715,0.0,PASS
2025_090,2025,Monaco Grand Prix,BEA,3,55,+10,6.9715,6.9715,6.9715,0.0,PASS
2025_091,2025,United States Grand Prix,BOR,2,28,+1,1.2399,1.2399,1.2399,0.0,PASS
2025_091,2025,United States Grand Prix,BOR,2,28,+3,1.2399,1.2399,1.2399,0.0,PASS
2025_091,2025,United States Grand Prix,BOR,2,28,+5,1.2399,3.312,3.312,0.0,PASS
2025_091,2025,United States Grand Prix,BOR,2,28,+10,1.2399,NaN,NaN,0.0,PASS
2025_092,2025,Emilia Romagna Grand Prix,HAD,1,27,+1,1.963,3.165,3.165,0.0,PASS
2025_092,2025,Emilia Romagna Grand Prix,HAD,1,27,+3,1.963,NaN,NaN,0.0,PASS
2025_092,2025,Emilia Romagna Grand Prix,HAD,1,27,+5,1.963,NaN,NaN,0.0,PASS
2025_092,2025,Emilia Romagna Grand Prix,HAD,1,27,+10,1.963,NaN,NaN,0.0,PASS
2025_093,2025,Singapore Grand Prix,TSU,1,10,+1,0.0,0.0,0.0,0.0,PASS
2025_093,2025,Singapore Grand Prix,TSU,1,10,+3,0.0,5.6504,5.6504,0.0,PASS
2025_093,2025,Singapore Grand Prix,TSU,1,10,+5,0.0,NaN,NaN,0.0,PASS
2025_093,2025,Singapore Grand Prix,TSU,1,10,+10,0.0,NaN,NaN,0.0,PASS
2025_094,2025,Saudi Arabian Grand Prix,VER,2,44,+1,0.7261,0.7261,0.7261,0.0,PASS
2025_094,2025,Saudi Arabian Grand Prix,VER,2,44,+3,0.7261,0.7261,0.7261,0.0,PASS
2025_094,2025,Saudi Arabian Grand Prix,VER,2,44,+5,0.7261,0.7261,0.7261,0.0,PASS
2025_094,2025,Saudi Arabian Grand Prix,VER,2,44,+10,0.7261,NaN,NaN,0.0,PASS
2025_095,2025,Chinese Grand Prix,OCO,2,36,+1,1.5709,1.5709,1.5709,0.0,PASS
2025_095,2025,Chinese Grand Prix,OCO,2,36,+3,1.5709,1.5709,1.5709,0.0,PASS
2025_095,2025,Chinese Grand Prix,OCO,2,36,+5,1.5709,1.5709,1.5709,0.0,PASS
2025_095,2025,Chinese Grand Prix,OCO,2,36,+10,1.5709,1.5709,1.5709,0.0,PASS
2025_096,2025,Monaco Grand Prix,RUS,3,70,+1,0.0,0.0,0.0,0.0,PASS
2025_096,2025,Monaco Grand Prix,RUS,3,70,+3,0.0,0.0,0.0,0.0,PASS
2025_096,2025,Monaco Grand Prix,RUS,3,70,+5,0.0,0.0,0.0,0.0,PASS
2025_096,2025,Monaco Grand Prix,RUS,3,70,+10,0.0,NaN,NaN,0.0,PASS
2025_097,2025,Belgian Grand Prix,ANT,2,13,+1,0.0,0.0,0.0,0.0,PASS
2025_097,2025,Belgian Grand Prix,ANT,2,13,+3,0.0,0.8083,0.8083,0.0,PASS
2025_097,2025,Belgian Grand Prix,ANT,2,13,+5,0.0,0.8083,0.8083,0.0,PASS
2025_097,2025,Belgian Grand Prix,ANT,2,13,+10,0.0,0.8083,0.8083,0.0,PASS
2025_098,2025,United States Grand Prix,BOR,3,42,+1,1.0391,1.2449,1.2449,0.0,PASS
2025_098,2025,United States Grand Prix,BOR,3,42,+3,1.0391,1.5517,1.5517,0.0,PASS
2025_098,2025,United States Grand Prix,BOR,3,42,+5,1.0391,1.5517,1.5517,0.0,PASS
2025_098,2025,United States Grand Prix,BOR,3,42,+10,1.0391,2.6558,2.6558,0.0,PASS
2025_099,2025,Bahrain Grand Prix,RUS,2,21,+1,0.3674,0.3674,0.3674,0.0,PASS
2025_099,2025,Bahrain Grand Prix,RUS,2,21,+3,0.3674,0.3674,0.3674,0.0,PASS
2025_099,2025,Bahrain Grand Prix,RUS,2,21,+5,0.3674,0.5157,0.5157,0.0,PASS
2025_099,2025,Bahrain Grand Prix,RUS,2,21,+10,0.3674,0.8586,0.8586,0.0,PASS
2025_100,2025,Las Vegas Grand Prix,RUS,1,17,+1,3.9603,NaN,NaN,0.0,PASS
2025_100,2025,Las Vegas Grand Prix,RUS,1,17,+3,3.9603,NaN,NaN,0.0,PASS
2025_100,2025,Las Vegas Grand Prix,RUS,1,17,+5,3.9603,NaN,NaN,0.0,PASS
2025_100,2025,Las Vegas Grand Prix,RUS,1,17,+10,3.9603,NaN,NaN,0.0,PASS
