horizon,event,driver,stint,lap,compound,tyre_life,current_D,predicted,actual,abs_error
+10,Singapore Grand Prix,HAM,3,51,SOFT,8.0,0.6149,1.9342,35.1827,33.2485
+10,Singapore Grand Prix,HAM,3,52,SOFT,9.0,0.8167,2.0481,35.1827,33.1346
+3,Singapore Grand Prix,HAM,3,58,SOFT,15.0,2.4293,2.8507,35.1827,32.331999999999994
+5,Singapore Grand Prix,HAM,3,56,SOFT,13.0,2.4293,2.9712,35.1827,32.211499999999994
+5,Singapore Grand Prix,HAM,3,57,SOFT,14.0,2.4293,2.9764,35.1827,32.2063
+1,Australian Grand Prix,GAS,5,43,HARD,10.0,0.0,0.1381,30.9031,30.764999999999997
+1,Australian Grand Prix,VER,5,43,MEDIUM,9.0,0.0,0.1975,29.3694,29.171899999999997
+3,Singapore Grand Prix,HAM,3,59,SOFT,16.0,5.57,6.2283,35.1827,28.954399999999996
+1,Singapore Grand Prix,HAM,3,60,SOFT,17.0,6.9248,7.1235,35.1827,28.059199999999997
+1,Canadian Grand Prix,STR,2,50,HARD,27.0,1.8232,1.9571,27.9697,26.0126
+3,Canadian Grand Prix,STR,2,47,HARD,24.0,1.8232,2.1461,27.9697,25.8236
+5,Canadian Grand Prix,STR,2,45,HARD,22.0,1.7412,2.2118,27.9697,25.7579
+10,Canadian Grand Prix,STR,2,40,HARD,17.0,1.7412,2.4905,27.9697,25.4792
+5,Miami Grand Prix,BOR,2,23,HARD,4.0,0.0,0.641,24.9143,24.2733
+1,Miami Grand Prix,BOR,2,27,HARD,8.0,0.7756,0.8994,24.9143,24.0149
+3,Miami Grand Prix,BOR,2,25,HARD,6.0,0.7756,1.1457,24.9143,23.7686
+1,Italian Grand Prix,ALO,2,23,HARD,4.0,0.0,0.1399,23.3736,23.2337
+3,Italian Grand Prix,ALO,2,21,HARD,2.0,0.0,0.4275,23.3736,22.9461
+5,Monaco Grand Prix,BOR,3,30,SOFT,4.0,0.0,0.8246,19.9167,19.0921
+10,Monaco Grand Prix,COL,2,16,MEDIUM,10.0,0.0,1.5768,20.2177,18.640900000000002
+5,Canadian Grand Prix,ALB,1,18,MEDIUM,22.0,0.996,1.8185,20.387,18.5685
+3,Canadian Grand Prix,HAD,1,10,MEDIUM,10.0,0.112,0.748,19.2295,18.4815
+5,Canadian Grand Prix,HAD,1,8,MEDIUM,8.0,0.0,0.915,19.2295,18.314500000000002
+10,Canadian Grand Prix,ALB,1,13,MEDIUM,17.0,0.9305,2.3436,20.387,18.043400000000002
+3,Monaco Grand Prix,BEA,2,14,HARD,13.0,4.7822,5.3013,23.1459,17.8446
+5,Monaco Grand Prix,BEA,2,12,HARD,11.0,4.4587,5.3133,23.1459,17.8326
+10,Canadian Grand Prix,HAD,1,3,MEDIUM,3.0,0.0,1.7384,19.2295,17.491100000000003
+5,Canadian Grand Prix,HAM,1,10,MEDIUM,10.0,0.0,0.9016,18.3645,17.4629
+10,Canadian Grand Prix,ALO,1,5,MEDIUM,9.0,0.0,1.65,18.919,17.269000000000002
+1,Canadian Grand Prix,HAD,1,12,MEDIUM,12.0,1.665,1.9828,19.2295,17.2467
+1,Canadian Grand Prix,HAM,1,14,MEDIUM,14.0,0.833,1.1243,18.3645,17.240199999999998
+1,Canadian Grand Prix,TSU,1,55,HARD,55.0,1.6387,1.8045,19.0192,17.2147
+3,Canadian Grand Prix,HAM,1,12,MEDIUM,12.0,0.581,1.2278,18.3645,17.1367
+5,Canadian Grand Prix,TSU,1,51,HARD,51.0,1.5817,1.8889,19.0192,17.130300000000002
+3,Canadian Grand Prix,TSU,1,53,HARD,53.0,1.6387,1.9403,19.0192,17.0789
+3,Canadian Grand Prix,COL,1,11,MEDIUM,16.0,0.106,0.7237,17.7145,16.9908
+1,Canadian Grand Prix,ALB,1,22,MEDIUM,26.0,3.0825,3.4053,20.387,16.9817
+1,Monaco Grand Prix,BEA,2,16,HARD,15.0,5.8734,6.1728,23.1459,16.973100000000002
+1,Monaco Grand Prix,STR,1,16,HARD,17.0,0.646,0.7981,17.7193,16.9212
+10,Canadian Grand Prix,TSU,1,45,HARD,45.0,1.5817,2.1303,19.0192,16.8889
+5,Canadian Grand Prix,ALO,1,10,MEDIUM,14.0,1.1955,2.0733,18.919,16.8457
+5,Canadian Grand Prix,COL,1,9,MEDIUM,14.0,0.0,0.8903,17.7145,16.8242
+1,Canadian Grand Prix,COL,1,13,MEDIUM,18.0,0.7155,0.9824,17.7145,16.732100000000003
+10,Monaco Grand Prix,OCO,2,18,MEDIUM,6.0,0.0,1.6131,18.3117,16.6986
+10,Canadian Grand Prix,HAM,1,5,MEDIUM,5.0,0.0,1.6996,18.3645,16.6649
+3,Monaco Grand Prix,STR,1,14,HARD,15.0,0.646,1.0583,17.7193,16.661
+3,Canadian Grand Prix,ALO,1,12,MEDIUM,16.0,1.661,2.2718,18.919,16.6472
+3,Canadian Grand Prix,ALB,1,20,MEDIUM,24.0,3.0825,3.7521,20.387,16.634900000000002
+1,Canadian Grand Prix,OCO,1,56,HARD,56.0,1.7672,1.9359,18.5587,16.6228
+1,Monaco Grand Prix,VER,2,76,MEDIUM,48.0,3.1312,3.3752,19.9824,16.6072
+1,Canadian Grand Prix,RUS,2,41,HARD,29.0,0.7537,0.8913,17.4852,16.593899999999998
+5,Canadian Grand Prix,RUS,2,37,HARD,25.0,0.4487,0.9651,17.4852,16.5201
+1,Monaco Grand Prix,HAM,2,55,HARD,38.0,3.0735,3.2388,19.7464,16.5076
+3,Canadian Grand Prix,OCO,1,54,HARD,54.0,1.7672,2.0641,18.5587,16.494600000000002
+5,Canadian Grand Prix,OCO,1,52,HARD,52.0,1.7672,2.0679,18.5587,16.4908
+3,Monaco Grand Prix,HAD,2,16,SOFT,5.0,0.0,0.5945,17.0725,16.478
+1,Monaco Grand Prix,SAI,2,52,MEDIUM,4.0,0.0,0.2282,16.6753,16.4471
+3,Monaco Grand Prix,VER,2,74,MEDIUM,46.0,3.1312,3.5397,19.9824,16.4427
+5,Monaco Grand Prix,STR,1,12,HARD,13.0,0.646,1.2833,17.7193,16.436
+1,Australian Grand Prix,TSU,5,43,MEDIUM,10.0,0.0,0.198,16.6284,16.4304
+5,Monaco Grand Prix,VER,2,72,MEDIUM,44.0,3.1312,3.5754,19.9824,16.406999999999996
+3,Canadian Grand Prix,RUS,2,39,HARD,27.0,0.7537,1.1116,17.4852,16.3736
+1,Canadian Grand Prix,ALO,1,14,MEDIUM,18.0,2.2745,2.5785,18.919,16.3405
+3,Monaco Grand Prix,HAM,2,53,HARD,36.0,3.0735,3.4123,19.7464,16.3341
+5,Monaco Grand Prix,HAM,2,51,HARD,34.0,3.0735,3.4827,19.7464,16.2637
+10,Canadian Grand Prix,OCO,1,46,HARD,46.0,1.7672,2.3132,18.5587,16.2455
+1,Monaco Grand Prix,COL,2,25,MEDIUM,19.0,3.6752,3.9919,20.2177,16.2258
+10,Canadian Grand Prix,RUS,2,32,HARD,20.0,0.4487,1.2889,17.4852,16.1963
+3,Canadian Grand Prix,ANT,1,11,MEDIUM,17.0,0.1565,0.7658,16.9145,16.1487
+1,Australian Grand Prix,LAW,5,43,MEDIUM,10.0,0.0,0.198,16.3314,16.133399999999998
+3,Monaco Grand Prix,SAI,2,50,MEDIUM,2.0,0.0,0.5525,16.6753,16.1228
+10,Monaco Grand Prix,RUS,2,55,MEDIUM,2.0,0.0,1.4497,17.5705,16.1208
+10,Monaco Grand Prix,RUS,2,54,MEDIUM,1.0,0.0,1.4634,17.5705,16.1071
+10,Monaco Grand Prix,HAM,2,46,HARD,29.0,3.0735,3.6561,19.7464,16.090300000000003
+10,Canadian Grand Prix,BEA,1,8,MEDIUM,8.0,0.0,1.6414,17.7205,16.0791
+5,Canadian Grand Prix,HUL,1,14,MEDIUM,14.0,0.1315,1.0055,17.075,16.069499999999998
+10,Canadian Grand Prix,COL,1,4,MEDIUM,9.0,0.0,1.6571,17.7145,16.0574
+3,Canadian Grand Prix,ALO,2,46,HARD,32.0,1.2682,1.5847,17.6377,16.052999999999997
+5,Canadian Grand Prix,NOR,2,42,MEDIUM,13.0,0.0215,0.7786,16.8315,16.052899999999998
+1,Canadian Grand Prix,SAI,1,56,HARD,56.0,2.1482,2.3277,18.3687,16.041
+5,Canadian Grand Prix,ANT,1,9,MEDIUM,15.0,0.0,0.8867,16.9145,16.0278
+10,Monaco Grand Prix,VER,2,67,MEDIUM,39.0,3.1312,3.9606,19.9824,16.0218
+5,Canadian Grand Prix,SAI,1,52,HARD,52.0,2.0897,2.3914,18.3687,15.9773
+3,Canadian Grand Prix,SAI,1,54,HARD,54.0,2.0897,2.3927,18.3687,15.976
+1,Monaco Grand Prix,HAD,2,18,SOFT,7.0,0.8506,1.0987,17.0725,15.9738
+5,Canadian Grand Prix,ALO,2,44,HARD,30.0,1.2682,1.7051,17.6377,15.932599999999999
+3,Monaco Grand Prix,COL,2,23,MEDIUM,17.0,3.6752,4.3286,20.2177,15.889100000000001
+10,Canadian Grand Prix,LEC,2,41,HARD,13.0,0.0,0.9993,16.8862,15.886899999999999
+3,Canadian Grand Prix,VER,1,9,MEDIUM,12.0,0.736,1.3708,17.2415,15.8707
+1,Canadian Grand Prix,VER,1,11,MEDIUM,14.0,1.07,1.372,17.2415,15.869499999999999
+5,Canadian Grand Prix,VER,1,7,MEDIUM,10.0,0.469,1.3749,17.2415,15.866599999999998
+3,Canadian Grand Prix,HUL,1,16,MEDIUM,16.0,0.6415,1.2484,17.075,15.8266
+10,Canadian Grand Prix,VER,2,27,HARD,15.0,0.1077,1.0561,16.8297,15.773599999999998
+10,Canadian Grand Prix,SAI,1,46,HARD,46.0,2.0897,2.6358,18.3687,15.7329
+10,Canadian Grand Prix,ALO,2,39,HARD,25.0,1.2682,1.9542,17.6377,15.683499999999999
+5,Canadian Grand Prix,LAW,1,33,HARD,34.0,0.8477,1.3085,16.9917,15.683200000000001
+5,Monaco Grand Prix,COL,2,21,MEDIUM,15.0,3.6752,4.5489,20.2177,15.668800000000001
+10,Canadian Grand Prix,VER,1,2,MEDIUM,5.0,0.0,1.7207,17.2415,15.520799999999998
+10,Canadian Grand Prix,HUL,1,9,MEDIUM,9.0,0.0,1.622,17.075,15.453
+10,Canadian Grand Prix,LAW,1,28,HARD,29.0,0.8477,1.5664,16.9917,15.425300000000002
